id,tick_number,action,is_red_security,is_blue_security,is_yellow_security,is_blue_capability,is_yellow_capability,is_red_capability,is_attack,is_peer_sanction,is_manager_sanction,player_id
1201,1,3,1,1,1,1,1,1,0,0,0,90
1202,2,3,1,1,1,1,1,1,0,0,0,90
1203,3,3,1,1,1,1,1,1,0,0,0,90
1204,4,3,1,1,1,1,1,1,0,0,0,90
1205,5,3,1,1,1,1,1,1,0,0,0,90
1206,6,3,1,1,1,1,1,1,0,0,0,90
1207,7,3,1,1,0,1,0,1,3,0,0,90
1208,8,3,1,1,0,1,0,1,0,0,0,90
1209,9,7,1,1,1,1,1,1,0,0,0,90
1210,10,3,1,1,1,1,1,1,0,0,0,90
1211,11,3,1,1,1,1,1,1,0,0,0,90
1212,12,3,1,1,1,1,1,1,0,0,0,90
1213,13,3,1,1,1,1,1,1,0,0,0,90
1214,14,3,1,1,1,1,1,1,0,0,0,90
1215,15,3,1,1,1,1,1,1,0,0,0,90
1216,16,3,1,1,1,1,1,1,0,0,0,90
1217,17,3,1,1,1,1,1,1,0,0,0,90
1218,18,3,1,1,1,1,1,1,0,0,0,90
1219,19,3,1,1,1,1,1,1,0,0,0,90
1220,20,3,1,1,1,1,1,1,0,0,0,90
1221,21,3,1,1,1,1,1,1,0,0,0,90
1222,22,3,1,0,1,0,1,1,1,0,0,90
1223,23,6,1,1,1,1,1,1,0,0,0,90
1224,24,3,1,1,1,1,1,1,0,0,0,90
1225,25,3,1,1,1,1,1,1,0,0,0,90
1226,26,3,1,1,1,1,1,1,0,0,0,90
1227,27,3,1,1,1,1,1,1,0,0,0,90
1228,28,3,1,1,1,1,1,1,0,0,0,90
1229,29,3,1,1,1,1,1,1,0,0,0,90
1230,30,3,1,1,1,1,1,1,0,0,0,90
1231,31,3,1,1,1,1,1,1,0,0,0,90
1232,32,3,0,1,1,1,1,0,2,0,0,90
1233,33,3,0,1,1,1,1,0,0,0,0,90
1234,34,8,1,1,0,1,0,1,3,0,0,90
1235,35,7,1,1,1,1,1,1,0,0,0,90
1236,36,3,1,1,1,1,1,1,0,0,0,90
1237,37,3,1,1,1,1,1,1,0,0,0,90
1238,38,3,1,1,1,1,1,1,0,0,0,90
1239,39,3,1,0,1,0,1,1,1,0,0,90
1240,40,3,1,0,1,0,1,1,0,0,0,90
1241,1,3,1,1,1,1,1,1,0,0,0,96
1242,2,3,1,1,1,1,1,1,0,0,0,96
1243,3,3,1,1,1,1,1,1,0,0,0,96
1244,4,3,1,1,1,1,1,1,0,0,0,96
1245,5,3,1,1,1,1,1,1,0,0,0,96
1246,6,3,1,1,1,1,1,1,0,0,0,96
1247,7,7,1,1,1,1,1,1,3,0,0,96
1248,8,3,1,1,1,1,1,1,0,0,0,96
1249,9,3,1,1,1,1,1,1,0,0,0,96
1250,10,3,1,1,1,1,1,1,0,0,0,96
1251,11,3,1,1,1,1,1,1,0,0,0,96
1252,12,3,1,1,1,1,1,1,0,0,0,96
1253,13,3,1,1,1,1,1,1,0,0,0,96
1254,14,3,1,1,1,1,1,1,0,0,0,96
1255,15,3,1,1,1,1,1,1,0,0,0,96
1256,16,3,1,1,1,1,1,1,0,0,0,96
1257,17,3,1,1,1,1,1,1,0,0,0,96
1258,18,3,1,1,1,1,1,1,0,0,0,96
1259,19,3,1,1,1,1,1,1,0,0,0,96
1260,20,3,1,1,1,1,1,1,0,0,0,96
1261,21,3,1,1,1,1,1,1,0,0,0,96
1262,22,3,1,0,1,0,1,1,1,0,0,96
1263,23,6,1,1,1,1,1,1,0,0,0,96
1264,24,3,1,1,1,1,1,1,0,0,0,96
1265,25,3,1,1,1,1,1,1,0,0,0,96
1266,26,3,1,1,1,1,1,1,0,0,0,96
1267,27,3,1,1,1,1,1,1,0,0,0,96
1268,28,3,1,1,1,1,1,1,0,0,0,96
1269,29,3,1,1,1,1,1,1,0,0,0,96
1270,30,3,1,1,1,1,1,1,0,0,0,96
1271,31,3,1,1,1,1,1,1,0,0,0,96
1272,32,8,1,1,1,1,1,1,2,0,0,96
1273,33,3,1,1,1,1,1,1,0,0,0,96
1274,34,7,1,1,1,1,1,1,3,0,0,96
1275,35,3,1,1,1,1,1,1,0,0,0,96
1276,36,3,1,1,1,1,1,1,0,0,0,96
1277,37,3,1,1,1,1,1,1,0,0,0,96
1278,38,3,1,1,1,1,1,1,0,0,0,96
1279,39,3,1,0,1,0,1,1,1,0,0,96
1280,40,6,1,1,1,1,1,1,0,0,0,96
1281,1,3,1,1,1,1,1,1,0,0,0,102
1282,2,3,1,1,1,1,1,1,0,0,0,102
1283,3,3,1,1,1,1,1,1,0,0,0,102
1284,4,3,1,1,1,1,1,1,0,0,0,102
1285,5,3,1,1,1,1,1,1,0,0,0,102
1286,6,3,1,1,1,1,1,1,0,0,0,102
1287,7,3,1,1,0,1,0,1,3,0,0,102
1288,8,3,1,1,0,1,0,1,0,0,0,102
1289,9,7,1,1,1,1,1,1,0,0,0,102
1290,10,3,1,1,1,1,1,1,0,0,0,102
1291,11,3,1,1,1,1,1,1,0,0,0,102
1292,12,3,1,1,1,1,1,1,0,0,0,102
1293,13,3,1,1,1,1,1,1,0,0,0,102
1294,14,3,1,1,1,1,1,1,0,0,0,102
1295,15,3,1,1,1,1,1,1,0,0,0,102
1296,16,3,1,1,1,1,1,1,0,0,0,102
1297,17,3,1,1,1,1,1,1,0,0,0,102
1298,18,3,1,1,1,1,1,1,0,0,0,102
1299,19,3,1,1,1,1,1,1,0,0,0,102
1300,20,3,1,1,1,1,1,1,0,0,0,102
1301,21,3,1,1,1,1,1,1,0,0,0,102
1302,22,6,1,1,1,1,1,1,1,0,0,102
1303,23,3,1,1,1,1,1,1,0,0,0,102
1304,24,3,1,1,1,1,1,1,0,0,0,102
1305,25,3,1,1,1,1,1,1,0,0,0,102
1306,26,3,1,1,1,1,1,1,0,0,0,102
1307,27,3,1,1,1,1,1,1,0,0,0,102
1308,28,3,1,1,1,1,1,1,0,0,0,102
1309,29,3,1,1,1,1,1,1,0,0,0,102
1310,30,3,1,1,1,1,1,1,0,0,0,102
1311,31,3,1,1,1,1,1,1,0,0,0,102
1312,32,8,1,1,1,1,1,1,2,0,0,102
1313,33,3,1,1,1,1,1,1,0,0,0,102
1314,34,3,1,1,0,1,0,1,3,0,0,102
1315,35,3,1,1,0,1,0,1,0,0,0,102
1316,36,7,1,1,1,1,1,1,0,0,0,102
1317,37,3,1,1,1,1,1,1,0,0,0,102
1318,38,3,1,1,1,1,1,1,0,0,0,102
1319,39,3,1,0,1,0,1,1,1,0,0,102
1320,40,3,1,0,1,0,1,1,0,0,0,102
1321,1,3,1,1,1,1,1,1,0,0,0,108
1322,2,3,1,1,1,1,1,1,0,0,0,108
1323,3,3,1,1,1,1,1,1,0,0,0,108
1324,4,3,1,1,1,1,1,1,0,0,0,108
1325,5,3,1,1,1,1,1,1,0,0,0,108
1326,6,3,1,1,1,1,1,1,0,0,0,108
1327,7,7,1,1,1,1,1,1,3,0,0,108
1328,8,3,1,1,1,1,1,1,0,0,0,108
1329,9,3,1,1,1,1,1,1,0,0,0,108
1330,10,3,1,1,1,1,1,1,0,0,0,108
1331,11,3,1,1,1,1,1,1,0,0,0,108
1332,12,3,1,1,1,1,1,1,0,0,0,108
1333,13,3,1,1,1,1,1,1,0,0,0,108
1334,14,3,1,1,1,1,1,1,0,0,0,108
1335,15,3,1,1,1,1,1,1,0,0,0,108
1336,16,3,1,1,1,1,1,1,0,0,0,108
1337,17,3,1,1,1,1,1,1,0,0,0,108
1338,18,3,1,1,1,1,1,1,0,0,0,108
1339,19,3,1,1,1,1,1,1,0,0,0,108
1340,20,3,1,1,1,1,1,1,0,0,0,108
1341,21,3,1,1,1,1,1,1,0,0,0,108
1342,22,6,1,1,1,1,1,1,1,0,0,108
1343,23,3,1,1,1,1,1,1,0,0,0,108
1344,24,3,1,1,1,1,1,1,0,0,0,108
1345,25,3,1,1,1,1,1,1,0,0,0,108
1346,26,3,1,1,1,1,1,1,0,0,0,108
1347,27,3,1,1,1,1,1,1,0,0,0,108
1348,28,3,1,1,1,1,1,1,0,0,0,108
1349,29,3,1,1,1,1,1,1,0,0,0,108
1350,30,3,1,1,1,1,1,1,0,0,0,108
1351,31,3,1,1,1,1,1,1,0,0,0,108
1352,32,8,1,1,1,1,1,1,2,0,0,108
1353,33,3,1,1,1,1,1,1,0,0,0,108
1354,34,7,1,1,1,1,1,1,3,0,0,108
1355,35,3,1,1,1,1,1,1,0,0,0,108
1356,36,3,1,1,1,1,1,1,0,0,0,108
1357,37,3,1,1,1,1,1,1,0,0,0,108
1358,38,3,1,1,1,1,1,1,0,0,0,108
1359,39,6,1,1,1,1,1,1,1,0,0,108
1360,40,3,1,1,1,1,1,1,0,0,0,108
1361,1,3,1,1,1,1,1,1,0,0,0,114
1362,2,3,1,1,1,1,1,1,0,0,0,114
1363,3,3,1,1,1,1,1,1,0,0,0,114
1364,4,3,1,1,1,1,1,1,0,0,0,114
1365,5,3,1,1,1,1,1,1,0,0,0,114
1366,6,3,1,1,1,1,1,1,0,0,0,114
1367,7,7,1,1,1,1,1,1,3,0,0,114
1368,8,3,1,1,1,1,1,1,0,0,0,114
1369,9,3,1,1,1,1,1,1,0,0,0,114
1370,10,3,1,1,1,1,1,1,0,0,0,114
1371,11,3,1,1,1,1,1,1,0,0,0,114
1372,12,3,1,1,1,1,1,1,0,0,0,114
1373,13,3,1,1,1,1,1,1,0,0,0,114
1374,14,3,1,1,1,1,1,1,0,0,0,114
1375,15,3,1,1,1,1,1,1,0,0,0,114
1376,16,3,1,1,1,1,1,1,0,0,0,114
1377,17,3,1,1,1,1,1,1,0,0,0,114
1378,18,3,1,1,1,1,1,1,0,0,0,114
1379,19,3,1,1,1,1,1,1,0,0,0,114
1380,20,3,1,1,1,1,1,1,0,0,0,114
1381,21,3,1,1,1,1,1,1,0,0,0,114
1382,22,6,1,1,1,1,1,1,1,0,0,114
1383,23,3,1,1,1,1,1,1,0,0,0,114
1384,24,3,1,1,1,1,1,1,0,0,0,114
1385,25,3,1,1,1,1,1,1,0,0,0,114
1386,26,3,1,1,1,1,1,1,0,0,0,114
1387,27,3,1,1,1,1,1,1,0,0,0,114
1388,28,3,1,1,1,1,1,1,0,0,0,114
1389,29,3,1,1,1,1,1,1,0,0,0,114
1390,30,3,1,1,1,1,1,1,0,0,0,114
1391,31,3,1,1,1,1,1,1,0,0,0,114
1392,32,3,0,1,1,1,1,0,2,0,0,114
1393,33,8,1,1,1,1,1,1,0,0,0,114
1394,34,7,1,1,1,1,1,1,3,0,0,114
1395,35,3,1,1,1,1,1,1,0,0,0,114
1396,36,3,1,1,1,1,1,1,0,0,0,114
1397,37,3,1,1,1,1,1,1,0,0,0,114
1398,38,3,1,1,1,1,1,1,0,0,0,114
1399,39,6,1,1,1,1,1,1,1,0,0,114
1400,40,3,1,1,1,1,1,1,0,0,0,114
1401,1,3,1,1,1,1,1,1,0,0,0,91
1402,2,6,0,1,0,1,0,0,4,0,0,91
1403,3,8,1,1,0,1,0,1,0,0,0,91
1404,4,7,1,1,1,1,1,1,0,0,0,91
1405,5,3,1,0,1,0,1,1,1,0,0,91
1406,6,3,1,0,1,0,1,1,0,0,0,91
1407,7,6,1,1,1,1,1,1,0,0,0,91
1408,8,3,1,0,1,0,1,1,1,0,0,91
1409,9,6,1,1,1,1,1,1,0,0,0,91
1410,10,3,0,1,1,1,1,0,2,0,0,91
1411,11,8,1,0,0,0,0,1,4,0,0,91
1412,12,7,1,0,1,0,1,1,0,0,0,91
1413,13,6,1,1,1,1,1,1,0,0,0,91
1414,14,3,1,1,1,1,1,1,0,0,0,91
1415,15,3,1,1,1,1,1,1,0,0,0,91
1416,16,3,1,1,1,1,1,1,0,0,0,91
1417,17,3,1,1,1,1,1,1,0,0,0,91
1418,18,3,1,1,1,1,1,1,0,0,0,91
1419,19,3,1,1,1,1,1,1,0,0,0,91
1420,20,3,0,1,1,1,1,0,2,0,0,91
1421,21,8,1,0,1,0,1,1,1,0,0,91
1422,22,6,1,1,1,1,1,1,0,0,0,91
1423,23,3,1,1,1,1,1,1,0,0,0,91
1424,24,3,1,0,1,0,1,1,1,0,0,91
1425,25,6,0,1,0,1,0,0,4,0,0,91
1426,26,8,1,1,0,1,0,1,0,0,0,91
1427,27,7,1,1,1,1,1,1,3,0,0,91
1428,28,3,1,0,1,0,1,1,1,0,0,91
1429,29,6,1,1,1,1,1,1,0,0,0,91
1430,30,3,1,0,1,0,1,1,1,0,0,91
1431,31,6,1,1,1,1,1,1,0,0,0,91
1432,32,3,1,0,1,0,1,1,1,0,0,91
1433,33,3,1,0,1,0,1,1,0,0,0,91
1434,34,6,1,1,0,1,0,1,3,0,0,91
1435,35,7,0,1,1,1,1,0,2,0,0,91
1436,36,8,1,0,0,0,0,1,4,0,0,91
1437,37,7,1,0,1,0,1,1,1,0,0,91
1438,38,6,1,1,1,1,1,1,0,0,0,91
1439,39,3,1,1,1,1,1,1,0,0,0,91
1440,40,3,1,1,1,1,1,1,0,0,0,91
1441,1,3,1,1,1,1,1,1,0,0,0,97
1442,2,6,0,1,0,1,0,0,4,0,0,97
1443,3,8,1,1,0,1,0,1,0,0,0,97
1444,4,7,1,1,1,1,1,1,0,0,0,97
1445,5,6,1,1,1,1,1,1,1,0,0,97
1446,6,3,1,1,1,1,1,1,0,0,0,97
1447,7,3,1,1,1,1,1,1,0,0,0,97
1448,8,6,1,1,1,1,1,1,1,0,0,97
1449,9,3,1,1,1,1,1,1,0,0,0,97
1450,10,8,1,1,1,1,1,1,2,0,0,97
1451,11,7,0,0,1,0,1,0,4,0,0,97
1452,12,8,1,0,1,0,1,1,0,0,0,97
1453,13,6,1,1,1,1,1,1,0,0,0,97
1454,14,3,1,1,1,1,1,1,0,0,0,97
1455,15,3,1,1,1,1,1,1,0,0,0,97
1456,16,3,1,1,1,1,1,1,0,0,0,97
1457,17,3,1,1,1,1,1,1,0,0,0,97
1458,18,3,1,1,1,1,1,1,0,0,0,97
1459,19,3,1,1,1,1,1,1,0,0,0,97
1460,20,3,0,1,1,1,1,0,2,0,0,97
1461,21,8,1,0,1,0,1,1,1,0,0,97
1462,22,6,1,1,1,1,1,1,0,0,0,97
1463,23,3,1,1,1,1,1,1,0,0,0,97
1464,24,6,1,1,1,1,1,1,1,0,0,97
1465,25,6,0,1,0,1,0,0,4,0,0,97
1466,26,8,1,1,0,1,0,1,0,0,0,97
1467,27,7,1,1,1,1,1,1,3,0,0,97
1468,28,6,1,1,1,1,1,1,1,0,0,97
1469,29,3,1,1,1,1,1,1,0,0,0,97
1470,30,6,1,1,1,1,1,1,1,0,0,97
1471,31,3,1,1,1,1,1,1,0,0,0,97
1472,32,6,1,1,1,1,1,1,1,0,0,97
1473,33,3,1,1,1,1,1,1,0,0,0,97
1474,34,7,1,1,1,1,1,1,3,0,0,97
1475,35,8,1,1,1,1,1,1,2,0,0,97
1476,36,8,1,0,0,0,0,1,4,0,0,97
1477,37,7,1,0,1,0,1,1,1,0,0,97
1478,38,6,1,1,1,1,1,1,0,0,0,97
1479,39,3,1,1,1,1,1,1,0,0,0,97
1480,40,3,1,1,1,1,1,1,0,0,0,97
1481,1,3,1,1,1,1,1,1,0,0,0,103
1482,2,7,0,0,1,0,1,0,4,0,0,103
1483,3,8,1,0,1,0,1,1,0,0,0,103
1484,4,6,1,1,1,1,1,1,0,0,0,103
1485,5,3,1,0,1,0,1,1,1,0,0,103
1486,6,6,1,1,1,1,1,1,0,0,0,103
1487,7,3,1,1,1,1,1,1,0,0,0,103
1488,8,6,1,1,1,1,1,1,1,0,0,103
1489,9,3,1,1,1,1,1,1,0,0,0,103
1490,10,3,0,1,1,1,1,0,2,0,0,103
1491,11,8,1,0,0,0,0,1,4,0,0,103
1492,12,3,1,0,0,0,0,1,0,0,0,103
1493,13,6,1,1,0,1,0,1,0,0,0,103
1494,14,7,1,1,1,1,1,1,0,0,0,103
1495,15,3,1,1,1,1,1,1,0,0,0,103
1496,16,3,1,1,1,1,1,1,0,0,0,103
1497,17,3,1,1,1,1,1,1,0,0,0,103
1498,18,3,1,1,1,1,1,1,0,0,0,103
1499,19,3,1,1,1,1,1,1,0,0,0,103
1500,20,3,0,1,1,1,1,0,2,0,0,103
1501,21,8,1,0,1,0,1,1,1,0,0,103
1502,22,6,1,1,1,1,1,1,0,0,0,103
1503,23,3,1,1,1,1,1,1,0,0,0,103
1504,24,6,1,1,1,1,1,1,1,0,0,103
1505,25,7,0,0,1,0,1,0,4,0,0,103
1506,26,8,1,0,1,0,1,1,0,0,0,103
1507,27,6,1,1,0,1,0,1,3,0,0,103
1508,28,7,1,0,1,0,1,1,1,0,0,103
1509,29,6,1,1,1,1,1,1,0,0,0,103
1510,30,3,1,0,1,0,1,1,1,0,0,103
1511,31,3,1,0,1,0,1,1,0,0,0,103
1512,32,6,1,1,1,1,1,1,1,0,0,103
1513,33,3,1,1,1,1,1,1,0,0,0,103
1514,34,3,1,1,0,1,0,1,3,0,0,103
1515,35,3,0,1,0,1,0,0,2,0,0,103
1516,36,7,0,0,1,0,1,0,4,0,0,103
1517,37,8,1,0,1,0,1,1,1,0,0,103
1518,38,6,1,1,1,1,1,1,0,0,0,103
1519,39,3,1,1,1,1,1,1,0,0,0,103
1520,40,3,1,1,1,1,1,1,0,0,0,103
1521,1,3,1,1,1,1,1,1,0,0,0,109
1522,2,3,0,0,0,0,0,0,4,0,0,109
1523,3,3,0,0,0,0,0,0,0,0,0,109
1524,4,3,0,0,0,0,0,0,0,0,0,109
1525,5,5,0,0,0,0,0,0,1,0,1,109
1526,6,5,0,0,0,0,0,0,0,0,1,109
1527,7,5,0,0,0,0,0,0,0,0,1,109
1528,8,5,0,0,0,0,0,0,1,0,1,109
1529,9,5,0,0,0,0,0,0,0,0,1,109
1530,10,5,0,0,0,0,0,0,2,0,1,109
1531,11,3,0,0,0,0,0,0,4,0,0,109
1532,12,3,0,0,0,0,0,0,0,0,0,109
1533,13,3,0,0,0,0,0,0,0,0,0,109
1534,14,5,0,0,0,0,0,0,0,0,1,109
1535,15,5,0,0,0,0,0,0,0,0,1,109
1536,16,5,0,0,0,0,0,0,0,0,1,109
1537,17,5,0,0,0,0,0,0,0,0,1,109
1538,18,5,0,0,0,0,0,0,0,0,1,109
1539,19,5,0,0,0,0,0,0,0,0,1,109
1540,20,8,1,1,1,1,1,1,2,0,0,109
1541,21,6,1,1,1,1,1,1,1,0,0,109
1542,22,3,1,1,1,1,1,1,0,0,0,109
1543,23,3,1,1,1,1,1,1,0,0,0,109
1544,24,6,1,1,1,1,1,1,1,0,0,109
1545,25,3,0,0,0,0,0,0,4,0,0,109
1546,26,3,0,0,0,0,0,0,0,0,0,109
1547,27,7,0,0,1,0,1,0,3,0,0,109
1548,28,5,0,0,1,0,1,0,1,0,1,109
1549,29,5,0,0,1,0,1,0,0,0,1,109
1550,30,5,0,0,1,0,1,0,1,0,1,109
1551,31,5,0,0,1,0,1,0,0,0,1,109
1552,32,6,1,1,1,1,1,1,1,0,0,109
1553,33,3,1,1,1,1,1,1,0,0,0,109
1554,34,7,1,1,1,1,1,1,3,0,0,109
1555,35,8,1,1,1,1,1,1,2,0,0,109
1556,36,3,0,0,0,0,0,0,4,0,0,109
1557,37,6,0,1,0,1,0,0,1,0,0,109
1558,38,3,0,1,0,1,0,0,0,0,0,109
1559,39,3,0,1,0,1,0,0,0,0,0,109
1560,40,5,0,1,0,1,0,0,0,0,1,109
1561,1,3,1,1,1,1,1,1,0,0,0,115
1562,2,3,0,0,0,0,0,0,4,0,0,115
1563,3,3,0,0,0,0,0,0,0,0,0,115
1564,4,3,0,0,0,0,0,0,0,0,0,115
1565,5,5,0,0,0,0,0,0,1,0,1,115
1566,6,5,0,0,0,0,0,0,0,0,1,115
1567,7,5,0,0,0,0,0,0,0,0,1,115
1568,8,5,0,0,0,0,0,0,1,0,1,115
1569,9,5,0,0,0,0,0,0,0,0,1,115
1570,10,5,0,0,0,0,0,0,2,0,1,115
1571,11,6,0,1,0,1,0,0,4,0,0,115
1572,12,8,1,1,0,1,0,1,0,0,0,115
1573,13,7,1,1,1,1,1,1,0,0,0,115
1574,14,3,1,1,1,1,1,1,0,0,0,115
1575,15,3,1,1,1,1,1,1,0,0,0,115
1576,16,3,1,1,1,1,1,1,0,0,0,115
1577,17,3,1,1,1,1,1,1,0,0,0,115
1578,18,3,1,1,1,1,1,1,0,0,0,115
1579,19,3,1,1,1,1,1,1,0,0,0,115
1580,20,3,0,1,1,1,1,0,2,0,0,115
1581,21,3,0,0,1,0,1,0,1,0,0,115
1582,22,3,0,0,1,0,1,0,0,0,0,115
1583,23,3,0,0,1,0,1,0,0,0,0,115
1584,24,6,0,1,1,1,1,0,1,0,0,115
1585,25,8,1,0,0,0,0,1,4,0,0,115
1586,26,7,1,0,1,0,1,1,0,0,0,115
1587,27,7,1,0,1,0,1,1,3,0,0,115
1588,28,6,1,1,1,1,1,1,1,0,0,115
1589,29,3,1,1,1,1,1,1,0,0,0,115
1590,30,6,1,1,1,1,1,1,1,0,0,115
1591,31,3,1,1,1,1,1,1,0,0,0,115
1592,32,6,1,1,1,1,1,1,1,0,0,115
1593,33,3,1,1,1,1,1,1,0,0,0,115
1594,34,3,1,1,0,1,0,1,3,0,0,115
1595,35,8,1,1,0,1,0,1,2,0,0,115
1596,36,6,0,1,0,1,0,0,4,0,0,115
1597,37,8,1,0,0,0,0,1,1,0,0,115
1598,38,5,1,0,0,0,0,1,0,0,1,115
1599,39,5,1,0,0,0,0,1,0,0,1,115
1600,40,3,1,1,1,1,1,1,0,0,0,115
1601,1,3,1,1,1,1,1,1,0,0,0,92
1602,2,3,1,1,1,1,1,1,0,0,0,92
1603,3,3,1,1,1,1,1,1,0,0,0,92
1604,4,3,1,1,1,1,1,1,0,0,0,92
1605,5,3,1,1,1,1,1,1,0,0,0,92
1606,6,3,0,1,1,1,1,0,2,0,0,92
1607,7,3,0,1,1,1,1,0,0,0,0,92
1608,8,8,1,1,1,1,1,1,0,0,0,92
1609,9,3,1,1,1,1,1,1,0,0,0,92
1610,10,3,1,1,1,1,1,1,0,0,0,92
1611,11,3,1,0,1,0,1,1,1,0,0,92
1612,12,3,1,0,1,0,1,1,0,0,0,92
1613,13,6,1,1,1,1,1,1,0,0,0,92
1614,14,5,1,1,1,1,1,1,0,0,1,92
1615,15,5,1,1,1,1,1,1,0,0,1,92
1616,16,3,1,0,1,0,1,1,1,0,0,92
1617,17,6,1,1,1,1,1,1,0,0,0,92
1618,18,3,1,1,0,1,0,1,3,0,0,92
1619,19,7,1,1,1,1,1,1,0,0,0,92
1620,20,3,1,1,1,1,1,1,0,0,0,92
1621,21,3,1,0,1,0,1,1,1,0,0,92
1622,22,3,1,0,1,0,1,1,1,0,0,92
1623,23,6,1,1,1,1,1,1,0,0,0,92
1624,24,3,1,1,1,1,1,1,0,0,0,92
1625,25,3,1,1,1,1,1,1,0,0,0,92
1626,26,3,1,1,1,1,1,1,0,0,0,92
1627,27,3,1,1,1,1,1,1,0,0,0,92
1628,28,3,1,1,1,1,1,1,0,0,0,92
1629,29,3,1,0,1,0,1,1,1,0,0,92
1630,30,6,0,1,0,1,0,0,4,0,0,92
1631,31,3,0,1,0,1,0,0,0,0,0,92
1632,32,8,1,1,0,1,0,1,0,0,0,92
1633,33,5,1,1,0,1,0,1,0,0,1,92
1634,34,5,1,0,0,0,0,1,1,0,1,92
1635,35,3,1,1,1,1,1,1,0,0,0,92
1636,36,3,1,1,1,1,1,1,0,0,0,92
1637,37,3,1,1,1,1,1,1,0,0,0,92
1638,38,3,1,1,1,1,1,1,0,0,0,92
1639,39,3,1,1,1,1,1,1,0,0,0,92
1640,40,3,1,1,1,1,1,1,0,0,0,92
1641,1,3,1,1,1,1,1,1,0,0,0,98
1642,2,3,1,1,1,1,1,1,0,0,0,98
1643,3,3,1,1,1,1,1,1,0,0,0,98
1644,4,3,1,1,1,1,1,1,0,0,0,98
1645,5,3,1,1,1,1,1,1,0,0,0,98
1646,6,3,0,1,1,1,1,0,2,0,0,98
1647,7,8,1,1,1,1,1,1,0,0,0,98
1648,8,3,1,1,1,1,1,1,0,0,0,98
1649,9,3,1,1,1,1,1,1,0,0,0,98
1650,10,3,1,1,1,1,1,1,0,0,0,98
1651,11,3,1,0,1,0,1,1,1,0,0,98
1652,12,6,1,1,1,1,1,1,0,0,0,98
1653,13,3,1,1,1,1,1,1,0,0,0,98
1654,14,5,1,1,1,1,1,1,0,0,1,98
1655,15,5,1,1,1,1,1,1,0,0,1,98
1656,16,6,1,1,1,1,1,1,1,0,0,98
1657,17,3,1,1,1,1,1,1,0,0,0,98
1658,18,7,1,1,1,1,1,1,3,0,0,98
1659,19,3,1,1,1,1,1,1,0,0,0,98
1660,20,3,1,1,1,1,1,1,0,0,0,98
1661,21,6,1,1,1,1,1,1,1,0,0,98
1662,22,6,1,1,1,1,1,1,1,0,0,98
1663,23,6,1,1,1,1,1,1,0,0,0,98
1664,24,3,1,1,1,1,1,1,0,0,0,98
1665,25,3,1,1,1,1,1,1,0,0,0,98
1666,26,3,1,1,1,1,1,1,0,0,0,98
1667,27,3,1,1,1,1,1,1,0,0,0,98
1668,28,3,1,1,1,1,1,1,0,0,0,98
1669,29,3,1,0,1,0,1,1,1,0,0,98
1670,30,6,0,1,0,1,0,0,4,0,0,98
1671,31,8,1,1,0,1,0,1,0,0,0,98
1672,32,7,1,1,1,1,1,1,0,0,0,98
1673,33,5,1,1,1,1,1,1,0,0,1,98
1674,34,5,1,0,1,0,1,1,1,0,1,98
1675,35,3,1,1,1,1,1,1,0,0,0,98
1676,36,3,1,1,1,1,1,1,0,0,0,98
1677,37,3,1,1,1,1,1,1,0,0,0,98
1678,38,3,1,1,1,1,1,1,0,0,0,98
1679,39,3,1,1,1,1,1,1,0,0,0,98
1680,40,3,1,1,1,1,1,1,0,0,0,98
1681,1,3,1,1,1,1,1,1,0,0,0,104
1682,2,3,1,1,1,1,1,1,0,0,0,104
1683,3,3,1,1,1,1,1,1,0,0,0,104
1684,4,3,1,1,1,1,1,1,0,0,0,104
1685,5,3,1,1,1,1,1,1,0,0,0,104
1686,6,3,0,1,1,1,1,0,2,0,0,104
1687,7,8,1,1,1,1,1,1,0,0,0,104
1688,8,3,1,1,1,1,1,1,0,0,0,104
1689,9,3,1,1,1,1,1,1,0,0,0,104
1690,10,3,1,1,1,1,1,1,0,0,0,104
1691,11,6,1,1,1,1,1,1,1,0,0,104
1692,12,3,1,1,1,1,1,1,0,0,0,104
1693,13,3,1,1,1,1,1,1,0,0,0,104
1694,14,5,1,1,1,1,1,1,0,0,1,104
1695,15,5,1,1,1,1,1,1,0,0,1,104
1696,16,6,1,1,1,1,1,1,1,0,0,104
1697,17,3,1,1,1,1,1,1,0,0,0,104
1698,18,3,1,1,0,1,0,1,3,0,0,104
1699,19,3,1,1,0,1,0,1,0,0,0,104
1700,20,7,1,1,1,1,1,1,0,0,0,104
1701,21,3,1,0,1,0,1,1,1,0,0,104
1702,22,6,1,1,1,1,1,1,1,0,0,104
1703,23,3,1,1,1,1,1,1,0,0,0,104
1704,24,3,1,1,1,1,1,1,0,0,0,104
1705,25,3,1,1,1,1,1,1,0,0,0,104
1706,26,3,1,1,1,1,1,1,0,0,0,104
1707,27,3,1,1,1,1,1,1,0,0,0,104
1708,28,3,1,1,1,1,1,1,0,0,0,104
1709,29,3,1,0,1,0,1,1,1,0,0,104
1710,30,8,1,0,0,0,0,1,4,0,0,104
1711,31,6,1,1,0,1,0,1,0,0,0,104
1712,32,7,1,1,1,1,1,1,0,0,0,104
1713,33,5,1,1,1,1,1,1,0,0,1,104
1714,34,5,1,0,1,0,1,1,1,0,1,104
1715,35,3,1,1,1,1,1,1,0,0,0,104
1716,36,3,1,1,1,1,1,1,0,0,0,104
1717,37,3,1,1,1,1,1,1,0,0,0,104
1718,38,3,1,1,1,1,1,1,0,0,0,104
1719,39,3,1,1,1,1,1,1,0,0,0,104
1720,40,3,1,1,1,1,1,1,0,0,0,104
1721,1,3,1,1,1,1,1,1,0,0,0,110
1722,2,3,1,1,1,1,1,1,0,0,0,110
1723,3,3,1,1,1,1,1,1,0,0,0,110
1724,4,3,1,1,1,1,1,1,0,0,0,110
1725,5,3,1,1,1,1,1,1,0,0,0,110
1726,6,8,1,1,1,1,1,1,2,0,0,110
1727,7,3,1,1,1,1,1,1,0,0,0,110
1728,8,3,1,1,1,1,1,1,0,0,0,110
1729,9,3,1,1,1,1,1,1,0,0,0,110
1730,10,3,1,1,1,1,1,1,0,0,0,110
1731,11,6,1,1,1,1,1,1,1,0,0,110
1732,12,3,1,1,1,1,1,1,0,0,0,110
1733,13,3,1,1,1,1,1,1,0,0,0,110
1734,14,5,1,1,1,1,1,1,0,0,1,110
1735,15,5,1,1,1,1,1,1,0,0,1,110
1736,16,6,1,1,1,1,1,1,1,0,0,110
1737,17,3,1,1,1,1,1,1,0,0,0,110
1738,18,7,1,1,1,1,1,1,3,0,0,110
1739,19,3,1,1,1,1,1,1,0,0,0,110
1740,20,3,1,1,1,1,1,1,0,0,0,110
1741,21,6,1,1,1,1,1,1,1,0,0,110
1742,22,6,1,1,1,1,1,1,1,0,0,110
1743,23,3,1,1,1,1,1,1,0,0,0,110
1744,24,3,1,1,1,1,1,1,0,0,0,110
1745,25,3,1,1,1,1,1,1,0,0,0,110
1746,26,3,1,1,1,1,1,1,0,0,0,110
1747,27,3,1,1,1,1,1,1,0,0,0,110
1748,28,3,1,1,1,1,1,1,0,0,0,110
1749,29,6,1,1,1,1,1,1,1,0,0,110
1750,30,3,0,0,0,0,0,0,4,0,0,110
1751,31,3,0,0,0,0,0,0,0,0,0,110
1752,32,3,0,0,0,0,0,0,0,0,0,110
1753,33,5,0,0,0,0,0,0,0,0,1,110
1754,34,5,0,0,0,0,0,0,1,0,1,110
1755,35,3,1,1,1,1,1,1,0,0,0,110
1756,36,3,1,1,1,1,1,1,0,0,0,110
1757,37,3,1,1,1,1,1,1,0,0,0,110
1758,38,3,1,1,1,1,1,1,0,0,0,110
1759,39,3,1,1,1,1,1,1,0,0,0,110
1760,40,3,1,1,1,1,1,1,0,0,0,110
1761,1,3,1,1,1,1,1,1,0,0,0,116
1762,2,3,1,1,1,1,1,1,0,0,0,116
1763,3,3,1,1,1,1,1,1,0,0,0,116
1764,4,3,1,1,1,1,1,1,0,0,0,116
1765,5,3,1,1,1,1,1,1,0,0,0,116
1766,6,3,0,1,1,1,1,0,2,0,0,116
1767,7,3,0,1,1,1,1,0,0,0,0,116
1768,8,3,0,1,1,1,1,0,0,0,0,116
1769,9,8,1,1,1,1,1,1,0,0,0,116
1770,10,3,1,1,1,1,1,1,0,0,0,116
1771,11,3,1,0,1,0,1,1,1,0,0,116
1772,12,3,1,0,1,0,1,1,0,0,0,116
1773,13,3,1,0,1,0,1,1,0,0,0,116
1774,14,5,1,0,1,0,1,1,0,0,1,116
1775,15,5,1,0,1,0,1,1,0,0,1,116
1776,16,6,1,1,1,1,1,1,1,0,0,116
1777,17,3,1,1,1,1,1,1,0,0,0,116
1778,18,3,1,1,0,1,0,1,3,0,0,116
1779,19,7,1,1,1,1,1,1,0,0,0,116
1780,20,3,1,1,1,1,1,1,0,0,0,116
1781,21,6,1,1,1,1,1,1,1,0,0,116
1782,22,6,1,1,1,1,1,1,1,0,0,116
1783,23,3,1,1,1,1,1,1,0,0,0,116
1784,24,3,1,1,1,1,1,1,0,0,0,116
1785,25,3,1,1,1,1,1,1,0,0,0,116
1786,26,3,1,1,1,1,1,1,0,0,0,116
1787,27,3,1,1,1,1,1,1,0,0,0,116
1788,28,3,1,1,1,1,1,1,0,0,0,116
1789,29,3,1,0,1,0,1,1,1,0,0,116
1790,30,6,0,1,0,1,0,0,4,0,0,116
1791,31,8,1,1,0,1,0,1,0,0,0,116
1792,32,7,1,1,1,1,1,1,0,0,0,116
1793,33,5,1,1,1,1,1,1,0,0,1,116
1794,34,5,1,0,1,0,1,1,1,0,1,116
1795,35,3,1,1,1,1,1,1,0,0,0,116
1796,36,3,1,1,1,1,1,1,0,0,0,116
1797,37,3,1,1,1,1,1,1,0,0,0,116
1798,38,3,1,1,1,1,1,1,0,0,0,116
1799,39,3,1,1,1,1,1,1,0,0,0,116
1800,40,3,1,1,1,1,1,1,0,0,0,116
1801,1,3,1,1,1,1,1,1,0,0,0,93
1802,2,3,1,1,0,1,0,1,3,0,0,93
1803,3,7,1,0,1,0,1,1,1,0,0,93
1804,4,3,1,0,1,0,1,1,0,0,0,93
1805,5,6,0,1,1,1,1,0,2,0,0,93
1806,6,8,1,1,1,1,1,1,0,0,0,93
1807,7,3,1,1,1,1,1,1,0,0,0,93
1808,8,3,1,0,1,0,1,1,1,0,0,93
1809,9,6,1,1,1,1,1,1,1,0,0,93
1810,10,3,1,1,1,1,1,1,0,0,0,93
1811,11,3,1,1,1,1,1,1,0,0,0,93
1812,12,3,1,1,1,1,1,1,0,0,0,93
1813,13,3,1,1,1,1,1,1,0,0,0,93
1814,14,3,1,0,1,0,1,1,1,0,0,93
1815,15,6,1,1,1,1,1,1,1,0,0,93
1816,16,3,1,1,1,1,1,1,0,0,0,93
1817,17,3,1,1,1,1,1,1,0,0,0,93
1818,18,3,1,1,1,1,1,1,0,0,0,93
1819,19,3,0,0,0,0,0,0,4,0,0,93
1820,20,6,0,1,0,1,0,0,0,0,0,93
1821,21,8,1,1,0,1,0,1,0,0,0,93
1822,22,5,1,1,0,1,0,1,0,0,1,93
1823,23,5,1,1,0,1,0,1,0,0,1,93
1824,24,3,1,1,1,1,1,1,0,0,0,93
1825,25,3,1,1,1,1,1,1,0,0,0,93
1826,26,3,1,1,1,1,1,1,0,0,0,93
1827,27,3,1,1,0,1,0,1,3,0,0,93
1828,28,7,1,1,1,1,1,1,0,0,0,93
1829,29,3,1,1,1,1,1,1,0,0,0,93
1830,30,3,1,1,1,1,1,1,0,0,0,93
1831,31,3,1,1,1,1,1,1,0,0,0,93
1832,32,3,1,1,1,1,1,1,0,0,0,93
1833,33,3,1,1,1,1,1,1,0,0,0,93
1834,34,3,1,1,1,1,1,1,0,0,0,93
1835,35,3,1,0,1,0,1,1,1,0,0,93
1836,36,3,1,0,1,0,1,1,0,0,0,93
1837,37,6,1,1,1,1,1,1,0,0,0,93
1838,38,6,1,1,1,1,1,1,1,0,0,93
1839,39,3,1,1,1,1,1,1,0,0,0,93
1840,40,3,1,1,1,1,1,1,0,0,0,93
1841,1,3,1,1,1,1,1,1,0,0,0,99
1842,2,3,1,1,0,1,0,1,3,0,0,99
1843,3,7,1,0,1,0,1,1,1,0,0,99
1844,4,6,1,1,1,1,1,1,0,0,0,99
1845,5,8,1,1,1,1,1,1,2,0,0,99
1846,6,3,1,1,1,1,1,1,0,0,0,99
1847,7,3,1,1,1,1,1,1,0,0,0,99
1848,8,6,1,1,1,1,1,1,1,0,0,99
1849,9,6,1,1,1,1,1,1,1,0,0,99
1850,10,3,1,1,1,1,1,1,0,0,0,99
1851,11,3,1,1,1,1,1,1,0,0,0,99
1852,12,3,1,1,1,1,1,1,0,0,0,99
1853,13,3,1,1,1,1,1,1,0,0,0,99
1854,14,3,1,0,1,0,1,1,1,0,0,99
1855,15,6,1,1,1,1,1,1,1,0,0,99
1856,16,3,1,1,1,1,1,1,0,0,0,99
1857,17,3,1,1,1,1,1,1,0,0,0,99
1858,18,3,1,1,1,1,1,1,0,0,0,99
1859,19,8,1,0,0,0,0,1,4,0,0,99
1860,20,6,1,1,0,1,0,1,0,0,0,99
1861,21,7,1,1,1,1,1,1,0,0,0,99
1862,22,5,1,1,1,1,1,1,0,0,1,99
1863,23,5,1,1,1,1,1,1,0,0,1,99
1864,24,3,1,1,1,1,1,1,0,0,0,99
1865,25,3,1,1,1,1,1,1,0,0,0,99
1866,26,3,1,1,1,1,1,1,0,0,0,99
1867,27,3,1,1,0,1,0,1,3,0,0,99
1868,28,7,1,1,1,1,1,1,0,0,0,99
1869,29,3,1,1,1,1,1,1,0,0,0,99
1870,30,3,1,1,1,1,1,1,0,0,0,99
1871,31,3,1,1,1,1,1,1,0,0,0,99
1872,32,3,1,1,1,1,1,1,0,0,0,99
1873,33,3,1,1,1,1,1,1,0,0,0,99
1874,34,3,1,1,1,1,1,1,0,0,0,99
1875,35,3,1,0,1,0,1,1,1,0,0,99
1876,36,6,1,1,1,1,1,1,0,0,0,99
1877,37,3,1,1,1,1,1,1,0,0,0,99
1878,38,6,1,1,1,1,1,1,1,0,0,99
1879,39,3,1,1,1,1,1,1,0,0,0,99
1880,40,3,1,1,1,1,1,1,0,0,0,99
1881,1,3,1,1,1,1,1,1,0,0,0,105
1882,2,3,1,1,0,1,0,1,3,0,0,105
1883,3,3,1,0,0,0,0,1,1,0,0,105
1884,4,7,1,0,1,0,1,1,0,0,0,105
1885,5,6,0,1,1,1,1,0,2,0,0,105
1886,6,8,1,1,1,1,1,1,0,0,0,105
1887,7,3,1,1,1,1,1,1,0,0,0,105
1888,8,3,1,0,1,0,1,1,1,0,0,105
1889,9,3,1,0,1,0,1,1,1,0,0,105
1890,10,6,1,1,1,1,1,1,0,0,0,105
1891,11,3,1,1,1,1,1,1,0,0,0,105
1892,12,3,1,1,1,1,1,1,0,0,0,105
1893,13,3,1,1,1,1,1,1,0,0,0,105
1894,14,6,1,1,1,1,1,1,1,0,0,105
1895,15,6,1,1,1,1,1,1,1,0,0,105
1896,16,3,1,1,1,1,1,1,0,0,0,105
1897,17,3,1,1,1,1,1,1,0,0,0,105
1898,18,3,1,1,1,1,1,1,0,0,0,105
1899,19,6,0,1,0,1,0,0,4,0,0,105
1900,20,5,0,1,0,1,0,0,0,0,0,105
1901,21,8,1,1,0,1,0,1,0,0,0,105
1902,22,5,1,1,0,1,0,1,0,0,1,105
1903,23,5,1,1,0,1,0,1,0,0,1,105
1904,24,3,1,1,1,1,1,1,0,0,0,105
1905,25,3,1,1,1,1,1,1,0,0,0,105
1906,26,3,1,1,1,1,1,1,0,0,0,105
1907,27,3,1,1,0,1,0,1,3,0,0,105
1908,28,3,1,1,0,1,0,1,0,0,0,105
1909,29,7,1,1,1,1,1,1,0,0,0,105
1910,30,3,1,1,1,1,1,1,0,0,0,105
1911,31,3,1,1,1,1,1,1,0,0,0,105
1912,32,3,1,1,1,1,1,1,0,0,0,105
1913,33,3,1,1,1,1,1,1,0,0,0,105
1914,34,3,1,1,1,1,1,1,0,0,0,105
1915,35,3,1,0,1,0,1,1,1,0,0,105
1916,36,3,1,0,1,0,1,1,0,0,0,105
1917,37,6,1,1,1,1,1,1,0,0,0,105
1918,38,3,1,0,1,0,1,1,1,0,0,105
1919,39,3,1,0,1,0,1,1,0,0,0,105
1920,40,1,1,0,1,0,1,1,0,0,0,105
1921,1,3,1,1,1,1,1,1,0,0,0,111
1922,2,7,1,1,1,1,1,1,3,0,0,111
1923,3,6,1,1,1,1,1,1,1,0,0,111
1924,4,3,1,1,1,1,1,1,0,0,0,111
1925,5,8,1,1,1,1,1,1,2,0,0,111
1926,6,3,1,1,1,1,1,1,0,0,0,111
1927,7,3,1,1,1,1,1,1,0,0,0,111
1928,8,6,1,1,1,1,1,1,1,0,0,111
1929,9,6,1,1,1,1,1,1,1,0,0,111
1930,10,3,1,1,1,1,1,1,0,0,0,111
1931,11,3,1,1,1,1,1,1,0,0,0,111
1932,12,3,1,1,1,1,1,1,0,0,0,111
1933,13,3,1,1,1,1,1,1,0,0,0,111
1934,14,3,1,0,1,0,1,1,1,0,0,111
1935,15,6,1,1,1,1,1,1,1,0,0,111
1936,16,3,1,1,1,1,1,1,0,0,0,111
1937,17,5,1,1,1,1,1,1,0,0,0,111
1938,18,3,1,1,1,1,1,1,0,0,0,111
1939,19,3,0,0,0,0,0,0,4,0,0,111
1940,20,3,0,0,0,0,0,0,0,0,0,111
1941,21,3,0,0,0,0,0,0,0,0,0,111
1942,22,5,0,0,0,0,0,0,0,0,1,111
1943,23,5,0,0,0,0,0,0,0,0,1,111
1944,24,3,1,1,1,1,1,1,0,0,0,111
1945,25,3,1,1,1,1,1,1,0,0,0,111
1946,26,3,1,1,1,1,1,1,0,0,0,111
1947,27,7,1,1,1,1,1,1,3,0,0,111
1948,28,3,1,1,1,1,1,1,0,0,0,111
1949,29,3,1,1,1,1,1,1,0,0,0,111
1950,30,3,1,1,1,1,1,1,0,0,0,111
1951,31,3,1,1,1,1,1,1,0,0,0,111
1952,32,3,1,1,1,1,1,1,0,0,0,111
1953,33,3,1,1,1,1,1,1,0,0,0,111
1954,34,3,1,1,1,1,1,1,0,0,0,111
1955,35,6,1,1,1,1,1,1,1,0,0,111
1956,36,3,1,1,1,1,1,1,0,0,0,111
1957,37,3,1,1,1,1,1,1,0,0,0,111
1958,38,6,1,1,1,1,1,1,1,0,0,111
1959,39,3,1,1,1,1,1,1,0,0,0,111
1960,40,3,1,1,1,1,1,1,0,0,0,111
1961,1,3,1,1,1,1,1,1,0,0,0,117
1962,2,3,1,1,0,1,0,1,3,0,0,117
1963,3,6,1,1,0,1,0,1,1,0,0,117
1964,4,7,1,1,1,1,1,1,0,0,0,117
1965,5,3,0,1,1,1,1,0,2,0,0,117
1966,6,8,1,1,1,1,1,1,0,0,0,117
1967,7,3,1,1,1,1,1,1,0,0,0,117
1968,8,6,1,1,1,1,1,1,1,0,0,117
1969,9,3,1,0,1,0,1,1,1,0,0,117
1970,10,6,1,1,1,1,1,1,0,0,0,117
1971,11,3,1,1,1,1,1,1,0,0,0,117
1972,12,3,1,1,1,1,1,1,0,0,0,117
1973,13,3,1,1,1,1,1,1,0,0,0,117
1974,14,6,1,1,1,1,1,1,1,0,0,117
1975,15,6,1,1,1,1,1,1,1,0,0,117
1976,16,1,1,1,1,1,1,1,0,0,0,117
1977,17,3,1,1,1,1,1,1,0,0,0,117
1978,18,3,1,1,1,1,1,1,0,0,0,117
1979,19,1,0,0,0,0,0,0,4,0,0,117
1980,20,3,0,0,0,0,0,0,0,0,0,117
1981,21,6,0,1,0,1,0,0,0,0,0,117
1982,22,5,0,1,0,1,0,0,0,0,1,117
1983,23,5,0,1,0,1,0,0,0,0,1,117
1984,24,3,1,1,1,1,1,1,0,0,0,117
1985,25,3,1,1,1,1,1,1,0,0,0,117
1986,26,3,1,1,1,1,1,1,0,0,0,117
1987,27,7,1,1,1,1,1,1,3,0,0,117
1988,28,3,1,1,1,1,1,1,0,0,0,117
1989,29,3,1,1,1,1,1,1,0,0,0,117
1990,30,3,1,1,1,1,1,1,0,0,0,117
1991,31,3,1,1,1,1,1,1,0,0,0,117
1992,32,3,1,1,1,1,1,1,0,0,0,117
1993,33,3,1,1,1,1,1,1,0,0,0,117
1994,34,3,1,1,1,1,1,1,0,0,0,117
1995,35,3,1,0,1,0,1,1,1,0,0,117
1996,36,6,1,1,1,1,1,1,0,0,0,117
1997,37,3,1,1,1,1,1,1,0,0,0,117
1998,38,6,1,1,1,1,1,1,1,0,0,117
1999,39,3,1,1,1,1,1,1,0,0,0,117
2000,40,3,1,1,1,1,1,1,0,0,0,117
2001,1,3,1,1,1,1,1,1,0,0,0,118
2002,2,3,1,1,1,1,1,1,0,0,0,118
2003,3,6,1,1,1,1,1,1,1,0,0,118
2004,4,3,1,1,1,1,1,1,0,0,0,118
2005,5,3,1,1,1,1,1,1,0,0,0,118
2006,6,3,1,1,1,1,1,1,0,0,0,118
2007,7,3,1,1,1,1,1,1,0,0,0,118
2008,8,3,1,1,1,1,1,1,0,0,0,118
2009,9,3,1,1,1,1,1,1,0,0,0,118
2010,10,3,1,1,1,1,1,1,0,0,0,118
2011,11,7,1,1,1,1,1,1,3,0,0,118
2012,12,3,1,0,1,0,1,1,1,0,0,118
2013,13,6,1,1,1,1,1,1,0,0,0,118
2014,14,3,1,1,1,1,1,1,0,0,0,118
2015,15,3,1,1,1,1,1,1,0,0,0,118
2016,16,7,1,1,1,1,1,1,3,0,0,118
2017,17,6,1,1,1,1,1,1,1,0,0,118
2018,18,3,1,1,1,1,1,1,0,0,0,118
2019,19,6,0,1,0,1,0,0,4,0,0,118
2020,20,6,0,1,0,1,0,0,1,0,0,118
2021,21,3,0,1,0,1,0,0,0,0,0,118
2022,22,5,0,1,0,1,0,0,0,0,1,118
2023,23,5,0,1,0,1,0,0,3,0,1,118
2024,24,5,0,1,0,1,0,0,0,0,1,118
2025,25,5,0,0,0,0,0,0,1,0,1,118
2026,26,3,1,1,1,1,1,1,0,0,0,118
2027,27,3,1,1,1,1,1,1,0,0,0,118
2028,28,3,1,1,1,1,1,1,0,0,0,118
2029,29,7,1,1,1,1,1,1,3,0,0,118
2030,30,3,1,1,1,1,1,1,0,0,0,118
2031,31,3,1,1,1,1,1,1,0,0,0,118
2032,32,3,1,1,1,1,1,1,0,0,0,118
2033,33,3,1,1,1,1,1,1,0,0,0,118
2034,34,3,1,1,1,1,1,1,0,0,0,118
2035,35,3,1,1,1,1,1,1,0,0,0,118
2036,36,3,1,1,1,1,1,1,0,0,0,118
2037,37,3,1,1,1,1,1,1,0,0,0,118
2038,38,3,1,1,1,1,1,1,0,0,0,118
2039,39,3,1,1,1,1,1,1,0,0,0,118
2040,40,3,1,1,1,1,1,1,0,0,0,118
2041,1,3,1,1,1,1,1,1,0,0,0,124
2042,2,3,1,1,1,1,1,1,0,0,0,124
2043,3,6,1,1,1,1,1,1,1,0,0,124
2044,4,3,1,1,1,1,1,1,0,0,0,124
2045,5,3,1,1,1,1,1,1,0,0,0,124
2046,6,3,1,1,1,1,1,1,0,0,0,124
2047,7,3,1,1,1,1,1,1,0,0,0,124
2048,8,3,1,1,1,1,1,1,0,0,0,124
2049,9,3,1,1,1,1,1,1,0,0,0,124
2050,10,3,1,1,1,1,1,1,0,0,0,124
2051,11,7,1,1,1,1,1,1,3,0,0,124
2052,12,6,1,1,1,1,1,1,1,0,0,124
2053,13,3,1,1,1,1,1,1,0,0,0,124
2054,14,3,1,1,1,1,1,1,0,0,0,124
2055,15,3,1,1,1,1,1,1,0,0,0,124
2056,16,7,1,1,1,1,1,1,3,0,0,124
2057,17,6,1,1,1,1,1,1,1,0,0,124
2058,18,3,1,1,1,1,1,1,0,0,0,124
2059,19,6,0,1,0,1,0,0,4,0,0,124
2060,20,6,0,1,0,1,0,0,1,0,0,124
2061,21,8,1,1,0,1,0,1,0,0,0,124
2062,22,3,1,1,0,1,0,1,0,0,0,124
2063,23,3,1,1,0,1,0,1,3,0,0,124
2064,24,3,1,1,0,1,0,1,0,0,0,124
2065,25,5,1,0,0,0,0,1,1,0,1,124
2066,26,5,1,0,0,0,0,1,0,0,1,124
2067,27,3,1,1,1,1,1,1,0,0,0,124
2068,28,3,1,1,1,1,1,1,0,0,0,124
2069,29,7,1,1,1,1,1,1,3,0,0,124
2070,30,3,1,1,1,1,1,1,0,0,0,124
2071,31,3,1,1,1,1,1,1,0,0,0,124
2072,32,3,1,1,1,1,1,1,0,0,0,124
2073,33,3,1,1,1,1,1,1,0,0,0,124
2074,34,3,1,1,1,1,1,1,0,0,0,124
2075,35,3,1,1,1,1,1,1,0,0,0,124
2076,36,3,1,1,1,1,1,1,0,0,0,124
2077,37,3,1,1,1,1,1,1,0,0,0,124
2078,38,3,1,1,1,1,1,1,0,0,0,124
2079,39,3,1,1,1,1,1,1,0,0,0,124
2080,40,3,1,1,1,1,1,1,0,0,0,124
2081,1,3,1,1,1,1,1,1,0,0,0,130
2082,2,3,1,1,1,1,1,1,0,0,0,130
2083,3,6,1,1,1,1,1,1,1,0,0,130
2084,4,3,1,1,1,1,1,1,0,0,0,130
2085,5,3,1,1,1,1,1,1,0,0,0,130
2086,6,3,1,1,1,1,1,1,0,0,0,130
2087,7,3,1,1,1,1,1,1,0,0,0,130
2088,8,3,1,1,1,1,1,1,0,0,0,130
2089,9,3,1,1,1,1,1,1,0,0,0,130
2090,10,3,1,1,1,1,1,1,0,0,0,130
2091,11,7,1,1,1,1,1,1,3,0,0,130
2092,12,3,1,0,1,0,1,1,1,0,0,130
2093,13,6,1,1,1,1,1,1,0,0,0,130
2094,14,3,1,1,1,1,1,1,0,0,0,130
2095,15,3,1,1,1,1,1,1,0,0,0,130
2096,16,7,1,1,1,1,1,1,3,0,0,130
2097,17,6,1,1,1,1,1,1,1,0,0,130
2098,18,3,1,1,1,1,1,1,0,0,0,130
2099,19,7,0,0,1,0,1,0,4,0,0,130
2100,20,8,1,0,1,0,1,1,1,0,0,130
2101,21,6,1,1,1,1,1,1,0,0,0,130
2102,22,3,1,1,1,1,1,1,0,0,0,130
2103,23,3,1,1,0,1,0,1,3,0,0,130
2104,24,7,1,1,1,1,1,1,0,0,0,130
2105,25,6,1,1,1,1,1,1,1,0,0,130
2106,26,3,1,1,1,1,1,1,0,0,0,130
2107,27,3,1,1,1,1,1,1,0,0,0,130
2108,28,3,1,1,1,1,1,1,0,0,0,130
2109,29,7,1,1,1,1,1,1,3,0,0,130
2110,30,3,1,1,1,1,1,1,0,0,0,130
2111,31,3,1,1,1,1,1,1,0,0,0,130
2112,32,3,1,1,1,1,1,1,0,0,0,130
2113,33,3,1,1,1,1,1,1,0,0,0,130
2114,34,3,1,1,1,1,1,1,0,0,0,130
2115,35,3,1,1,1,1,1,1,0,0,0,130
2116,36,3,1,1,1,1,1,1,0,0,0,130
2117,37,3,1,1,1,1,1,1,0,0,0,130
2118,38,3,1,1,1,1,1,1,0,0,0,130
2119,39,3,1,1,1,1,1,1,0,0,0,130
2120,40,3,1,1,1,1,1,1,0,0,0,130
2121,1,3,1,1,1,1,1,1,0,0,0,136
2122,2,3,1,1,1,1,1,1,0,0,0,136
2123,3,3,1,0,1,0,1,1,1,0,0,136
2124,4,3,1,0,1,0,1,1,0,0,0,136
2125,5,3,1,0,1,0,1,1,0,0,0,136
2126,6,5,1,0,1,0,1,1,0,0,1,136
2127,7,5,1,0,1,0,1,1,0,0,1,136
2128,8,3,1,1,1,1,1,1,0,0,0,136
2129,9,3,1,1,1,1,1,1,0,0,0,136
2130,10,3,1,1,1,1,1,1,0,0,0,136
2131,11,3,1,1,0,1,0,1,3,0,0,136
2132,12,3,1,0,0,0,0,1,1,0,0,136
2133,13,7,1,0,1,0,1,1,0,0,0,136
2134,14,6,1,1,1,1,1,1,0,0,0,136
2135,15,3,1,1,1,1,1,1,0,0,0,136
2136,16,3,1,1,0,1,0,1,3,0,0,136
2137,17,3,1,0,0,0,0,1,1,0,0,136
2138,18,7,1,0,1,0,1,1,0,0,0,136
2139,19,3,0,0,0,0,0,0,4,0,0,136
2140,20,6,0,1,0,1,0,0,1,0,0,136
2141,21,8,1,1,0,1,0,1,0,0,0,136
2142,22,7,1,1,1,1,1,1,0,0,0,136
2143,23,3,1,1,0,1,0,1,3,0,0,136
2144,24,3,1,1,0,1,0,1,0,0,0,136
2145,25,3,1,0,0,0,0,1,1,0,0,136
2146,26,7,1,0,1,0,1,1,0,0,0,136
2147,27,6,1,1,1,1,1,1,0,0,0,136
2148,28,3,1,1,1,1,1,1,0,0,0,136
2149,29,3,1,1,0,1,0,1,3,0,0,136
2150,30,3,1,1,0,1,0,1,0,0,0,136
2151,31,7,1,1,1,1,1,1,0,0,0,136
2152,32,3,1,1,1,1,1,1,0,0,0,136
2153,33,3,1,1,1,1,1,1,0,0,0,136
2154,34,3,1,1,1,1,1,1,0,0,0,136
2155,35,3,1,1,1,1,1,1,0,0,0,136
2156,36,3,1,1,1,1,1,1,0,0,0,136
2157,37,3,1,1,1,1,1,1,0,0,0,136
2158,38,3,1,1,1,1,1,1,0,0,0,136
2159,39,3,1,1,1,1,1,1,0,0,0,136
2160,40,3,1,1,1,1,1,1,0,0,0,136
2161,1,3,1,1,1,1,1,1,0,0,0,119
2162,2,3,1,1,1,1,1,1,0,0,0,119
2163,3,3,1,1,1,1,1,1,0,0,0,119
2164,4,6,1,1,1,1,1,1,1,0,0,119
2165,5,3,1,1,1,1,1,1,0,0,0,119
2166,6,3,1,1,1,1,1,1,0,0,0,119
2167,7,3,1,1,1,1,1,1,0,0,0,119
2168,8,3,1,1,1,1,1,1,0,0,0,119
2169,9,3,1,1,1,1,1,1,0,0,0,119
2170,10,3,1,1,1,1,1,1,0,0,0,119
2171,11,3,1,1,1,1,1,1,0,0,0,119
2172,12,3,1,1,1,1,1,1,0,0,0,119
2173,13,6,1,1,1,1,1,1,1,0,0,119
2174,14,7,1,1,1,1,1,1,3,0,0,119
2175,15,7,1,1,1,1,1,1,3,0,0,119
2176,16,3,1,1,1,1,1,1,0,0,0,119
2177,17,3,1,1,1,1,1,1,0,0,0,119
2178,18,6,0,1,0,1,0,0,4,0,0,119
2179,19,6,0,1,0,1,0,0,1,0,0,119
2180,20,8,1,1,0,1,0,1,0,0,0,119
2181,21,3,1,1,0,1,0,1,0,0,0,119
2182,22,5,0,0,0,0,0,0,4,0,1,119
2183,23,5,0,0,0,0,0,0,0,0,1,119
2184,24,3,1,1,1,1,1,1,0,0,0,119
2185,25,3,1,1,1,1,1,1,0,0,0,119
2186,26,7,1,1,1,1,1,1,3,0,0,119
2187,27,3,1,1,1,1,1,1,0,0,0,119
2188,28,8,1,1,1,1,1,1,2,0,0,119
2189,29,6,1,1,1,1,1,1,1,0,0,119
2190,30,3,1,1,1,1,1,1,0,0,0,119
2191,31,3,1,1,1,1,1,1,0,0,0,119
2192,32,3,1,1,1,1,1,1,0,0,0,119
2193,33,6,1,1,1,1,1,1,1,0,0,119
2194,34,3,1,1,1,1,1,1,0,0,0,119
2195,35,6,1,1,1,1,1,1,1,0,0,119
2196,36,3,1,0,1,0,1,1,1,0,0,119
2197,37,6,1,1,1,1,1,1,0,0,0,119
2198,38,3,1,0,1,0,1,1,1,0,0,119
2199,39,6,1,1,0,1,0,1,3,0,0,119
2200,40,7,1,1,1,1,1,1,3,0,0,119
2201,1,3,1,1,1,1,1,1,0,0,0,125
2202,2,3,1,1,1,1,1,1,0,0,0,125
2203,3,3,1,1,1,1,1,1,0,0,0,125
2204,4,6,1,1,1,1,1,1,1,0,0,125
2205,5,3,1,1,1,1,1,1,0,0,0,125
2206,6,3,1,1,1,1,1,1,0,0,0,125
2207,7,3,1,1,1,1,1,1,0,0,0,125
2208,8,3,1,1,1,1,1,1,0,0,0,125
2209,9,3,1,1,1,1,1,1,0,0,0,125
2210,10,3,1,1,1,1,1,1,0,0,0,125
2211,11,3,1,1,1,1,1,1,0,0,0,125
2212,12,3,1,1,1,1,1,1,0,0,0,125
2213,13,6,1,1,1,1,1,1,1,0,0,125
2214,14,7,1,1,1,1,1,1,3,0,0,125
2215,15,7,1,1,1,1,1,1,3,0,0,125
2216,16,3,1,1,1,1,1,1,0,0,0,125
2217,17,3,1,1,1,1,1,1,0,0,0,125
2218,18,6,0,1,0,1,0,0,4,0,0,125
2219,19,6,0,1,0,1,0,0,1,0,0,125
2220,20,8,1,1,0,1,0,1,0,0,0,125
2221,21,3,1,1,0,1,0,1,0,0,0,125
2222,22,6,0,1,0,1,0,0,4,0,0,125
2223,23,8,1,1,0,1,0,1,0,0,0,125
2224,24,5,1,1,0,1,0,1,0,0,1,125
2225,25,5,1,1,0,1,0,1,0,0,1,125
2226,26,3,1,1,0,1,0,1,3,0,0,125
2227,27,3,1,1,0,1,0,1,0,0,0,125
2228,28,3,0,1,0,1,0,0,2,0,0,125
2229,29,3,0,0,0,0,0,0,1,0,0,125
2230,30,5,0,0,0,0,0,0,0,0,1,125
2231,31,5,0,0,0,0,0,0,0,0,1,125
2232,32,3,1,1,1,1,1,1,0,0,0,125
2233,33,6,1,1,1,1,1,1,1,0,0,125
2234,34,3,1,1,1,1,1,1,0,0,0,125
2235,35,6,1,1,1,1,1,1,1,0,0,125
2236,36,3,1,0,1,0,1,1,1,0,0,125
2237,37,6,1,1,1,1,1,1,0,0,0,125
2238,38,6,1,1,1,1,1,1,1,0,0,125
2239,39,7,1,1,1,1,1,1,3,0,0,125
2240,40,7,1,1,1,1,1,1,3,0,0,125
2241,1,3,1,1,1,1,1,1,0,0,0,131
2242,2,3,1,1,1,1,1,1,0,0,0,131
2243,3,3,1,1,1,1,1,1,0,0,0,131
2244,4,6,1,1,1,1,1,1,1,0,0,131
2245,5,3,1,1,1,1,1,1,0,0,0,131
2246,6,3,1,1,1,1,1,1,0,0,0,131
2247,7,3,1,1,1,1,1,1,0,0,0,131
2248,8,3,1,1,1,1,1,1,0,0,0,131
2249,9,3,1,1,1,1,1,1,0,0,0,131
2250,10,3,1,1,1,1,1,1,0,0,0,131
2251,11,3,1,1,1,1,1,1,0,0,0,131
2252,12,3,1,1,1,1,1,1,0,0,0,131
2253,13,3,1,0,1,0,1,1,1,0,0,131
2254,14,6,1,1,0,1,0,1,3,0,0,131
2255,15,7,1,1,1,1,1,1,3,0,0,131
2256,16,3,1,1,1,1,1,1,0,0,0,131
2257,17,3,1,1,1,1,1,1,0,0,0,131
2258,18,3,0,0,0,0,0,0,4,0,0,131
2259,19,6,0,1,0,1,0,0,1,0,0,131
2260,20,8,1,1,0,1,0,1,0,0,0,131
2261,21,7,1,1,1,1,1,1,0,0,0,131
2262,22,3,0,0,0,0,0,0,4,0,0,131
2263,23,7,0,0,1,0,1,0,0,0,0,131
2264,24,8,1,0,1,0,1,1,0,0,0,131
2265,25,5,1,0,1,0,1,1,0,0,1,131
2266,26,5,1,0,0,0,0,1,3,0,1,131
2267,27,3,1,1,1,1,1,1,0,0,0,131
2268,28,8,1,1,1,1,1,1,2,0,0,131
2269,29,6,1,1,1,1,1,1,1,0,0,131
2270,30,3,1,1,1,1,1,1,0,0,0,131
2271,31,3,1,1,1,1,1,1,0,0,0,131
2272,32,3,1,1,1,1,1,1,0,0,0,131
2273,33,6,1,1,1,1,1,1,1,0,0,131
2274,34,3,1,1,1,1,1,1,0,0,0,131
2275,35,6,1,1,1,1,1,1,1,0,0,131
2276,36,3,1,0,1,0,1,1,1,0,0,131
2277,37,6,1,1,1,1,1,1,0,0,0,131
2278,38,6,1,1,1,1,1,1,1,0,0,131
2279,39,7,1,1,1,1,1,1,3,0,0,131
2280,40,7,1,1,1,1,1,1,3,0,0,131
2281,1,3,1,1,1,1,1,1,0,0,0,137
2282,2,3,1,1,1,1,1,1,0,0,0,137
2283,3,3,1,1,1,1,1,1,0,0,0,137
2284,4,3,1,0,1,0,1,1,1,0,0,137
2285,5,3,1,0,1,0,1,1,0,0,0,137
2286,6,3,1,0,1,0,1,1,0,0,0,137
2287,7,6,1,1,1,1,1,1,0,0,0,137
2288,8,3,1,1,1,1,1,1,0,0,0,137
2289,9,3,1,1,1,1,1,1,0,0,0,137
2290,10,3,1,1,1,1,1,1,0,0,0,137
2291,11,3,1,1,1,1,1,1,0,0,0,137
2292,12,3,1,1,1,1,1,1,0,0,0,137
2293,13,3,1,0,1,0,1,1,1,0,0,137
2294,14,6,1,1,0,1,0,1,3,0,0,137
2295,15,3,1,1,0,1,0,1,3,0,0,137
2296,16,7,1,1,1,1,1,1,0,0,0,137
2297,17,3,1,1,1,1,1,1,0,0,0,137
2298,18,3,0,0,0,0,0,0,4,0,0,137
2299,19,6,0,1,0,1,0,0,1,0,0,137
2300,20,8,1,1,0,1,0,1,0,0,0,137
2301,21,7,1,1,1,1,1,1,0,0,0,137
2302,22,6,0,1,0,1,0,0,4,0,0,137
2303,23,8,1,1,0,1,0,1,0,0,0,137
2304,24,7,1,1,1,1,1,1,0,0,0,137
2305,25,3,1,1,1,1,1,1,0,0,0,137
2306,26,3,1,1,0,1,0,1,3,0,0,137
2307,27,3,1,1,0,1,0,1,0,0,0,137
2308,28,7,0,1,1,1,1,0,2,0,0,137
2309,29,3,0,0,1,0,1,0,1,0,0,137
2310,30,8,1,0,1,0,1,1,0,0,0,137
2311,31,6,1,1,1,1,1,1,0,0,0,137
2312,32,3,1,1,1,1,1,1,0,0,0,137
2313,33,3,1,0,1,0,1,1,1,0,0,137
2314,34,6,1,1,1,1,1,1,0,0,0,137
2315,35,3,1,0,1,0,1,1,1,0,0,137
2316,36,6,1,1,1,1,1,1,1,0,0,137
2317,37,3,1,1,1,1,1,1,0,0,0,137
2318,38,3,1,0,1,0,1,1,1,0,0,137
2319,39,6,1,1,0,1,0,1,3,0,0,137
2320,40,3,1,1,0,1,0,1,3,0,0,137
2321,1,3,1,1,1,1,1,1,0,0,0,146
2322,2,3,1,1,1,1,1,1,0,0,0,146
2323,3,3,1,1,1,1,1,1,0,0,0,146
2324,4,8,1,1,1,1,1,1,2,0,0,146
2325,5,3,1,1,1,1,1,1,0,0,0,146
2326,6,3,1,1,1,1,1,1,0,0,0,146
2327,7,3,1,1,1,1,1,1,0,0,0,146
2328,8,3,1,1,1,1,1,1,0,0,0,146
2329,9,3,1,1,1,1,1,1,0,0,0,146
2330,10,3,0,0,0,0,0,0,4,0,0,146
2331,11,3,0,0,0,0,0,0,0,0,0,146
2332,12,6,0,1,0,1,0,0,0,0,0,146
2333,13,5,0,1,0,1,0,0,0,0,1,146
2334,14,5,0,1,0,1,0,0,0,0,1,146
2335,15,5,0,1,0,1,0,0,0,0,1,146
2336,16,5,0,0,0,0,0,0,1,0,1,146
2337,17,3,1,1,1,1,1,1,0,0,0,146
2338,18,3,1,0,1,0,1,1,1,0,0,146
2339,19,3,1,0,1,0,1,1,1,0,0,146
2340,20,6,1,1,1,1,1,1,0,0,0,146
2341,21,3,1,1,1,1,1,1,0,0,0,146
2342,22,3,1,1,1,1,1,1,0,0,0,146
2343,23,3,1,1,1,1,1,1,0,0,0,146
2344,24,6,1,1,1,1,1,1,1,0,0,146
2345,25,3,1,1,1,1,1,1,0,0,0,146
2346,26,3,1,1,1,1,1,1,0,0,0,146
2347,27,3,1,1,1,1,1,1,0,0,0,146
2348,28,7,1,1,1,1,1,1,3,0,0,146
2349,29,3,1,1,1,1,1,1,0,0,0,146
2350,30,3,1,1,1,1,1,1,0,0,0,146
2351,31,7,1,1,1,1,1,1,3,0,0,146
2352,32,3,1,1,1,1,1,1,0,0,0,146
2353,33,3,1,1,1,1,1,1,0,0,0,146
2354,34,3,1,1,1,1,1,1,0,0,0,146
2355,35,3,1,1,1,1,1,1,0,0,0,146
2356,36,3,1,1,1,1,1,1,0,0,0,146
2357,37,3,1,1,1,1,1,1,0,0,0,146
2358,38,6,1,1,1,1,1,1,1,0,0,146
2359,39,3,1,1,1,1,1,1,0,0,0,146
2360,40,3,1,1,1,1,1,1,0,0,0,146
2361,1,3,1,1,1,1,1,1,0,0,0,147
2362,2,3,1,1,1,1,1,1,0,0,0,147
2363,3,3,1,1,1,1,1,1,0,0,0,147
2364,4,3,0,1,1,1,1,0,2,0,0,147
2365,5,3,0,1,1,1,1,0,0,0,0,147
2366,6,3,0,1,1,1,1,0,0,0,0,147
2367,7,8,1,1,1,1,1,1,0,0,0,147
2368,8,3,1,1,1,1,1,1,0,0,0,147
2369,9,3,1,1,1,1,1,1,0,0,0,147
2370,10,6,0,1,0,1,0,0,4,0,0,147
2371,11,8,1,1,0,1,0,1,0,0,0,147
2372,12,7,1,1,1,1,1,1,0,0,0,147
2373,13,5,1,1,1,1,1,1,0,0,1,147
2374,14,5,1,1,1,1,1,1,0,0,1,147
2375,15,5,1,1,1,1,1,1,0,0,1,147
2376,16,5,1,0,1,0,1,1,1,0,1,147
2377,17,3,1,1,1,1,1,1,0,0,0,147
2378,18,3,1,0,1,0,1,1,1,0,0,147
2379,19,6,1,1,1,1,1,1,1,0,0,147
2380,20,3,1,1,1,1,1,1,0,0,0,147
2381,21,3,1,1,1,1,1,1,0,0,0,147
2382,22,3,1,1,1,1,1,1,0,0,0,147
2383,23,3,1,1,1,1,1,1,0,0,0,147
2384,24,3,1,0,1,0,1,1,1,0,0,147
2385,25,6,1,1,1,1,1,1,0,0,0,147
2386,26,3,1,1,1,1,1,1,0,0,0,147
2387,27,3,1,1,1,1,1,1,0,0,0,147
2388,28,3,1,1,0,1,0,1,3,0,0,147
2389,29,3,1,1,0,1,0,1,0,0,0,147
2390,30,3,1,1,0,1,0,1,0,0,0,147
2391,31,7,1,1,1,1,1,1,3,0,0,147
2392,32,3,1,1,1,1,1,1,0,0,0,147
2393,33,3,1,1,1,1,1,1,0,0,0,147
2394,34,3,1,1,1,1,1,1,0,0,0,147
2395,35,3,1,1,1,1,1,1,0,0,0,147
2396,36,3,1,1,1,1,1,1,0,0,0,147
2397,37,3,1,1,1,1,1,1,0,0,0,147
2398,38,3,1,0,1,0,1,1,1,0,0,147
2399,39,3,1,0,1,0,1,1,0,0,0,147
2400,40,6,1,1,1,1,1,1,0,0,0,147
2401,1,3,1,1,1,1,1,1,0,0,0,148
2402,2,3,1,1,1,1,1,1,0,0,0,148
2403,3,3,1,1,1,1,1,1,0,0,0,148
2404,4,8,1,1,1,1,1,1,2,0,0,148
2405,5,3,1,1,1,1,1,1,0,0,0,148
2406,6,3,1,1,1,1,1,1,0,0,0,148
2407,7,3,1,1,1,1,1,1,0,0,0,148
2408,8,3,1,1,1,1,1,1,0,0,0,148
2409,9,3,1,1,1,1,1,1,0,0,0,148
2410,10,3,0,0,0,0,0,0,4,0,0,148
2411,11,7,0,0,1,0,1,0,0,0,0,148
2412,12,8,1,0,1,0,1,1,0,0,0,148
2413,13,5,1,0,1,0,1,1,0,0,1,148
2414,14,5,1,0,1,0,1,1,0,0,1,148
2415,15,5,1,0,1,0,1,1,0,0,1,148
2416,16,5,1,0,1,0,1,1,1,0,1,148
2417,17,3,1,1,1,1,1,1,0,0,0,148
2418,18,6,1,1,1,1,1,1,1,0,0,148
2419,19,6,1,1,1,1,1,1,1,0,0,148
2420,20,3,1,1,1,1,1,1,0,0,0,148
2421,21,3,1,1,1,1,1,1,0,0,0,148
2422,22,3,1,1,1,1,1,1,0,0,0,148
2423,23,3,1,1,1,1,1,1,0,0,0,148
2424,24,6,1,1,1,1,1,1,1,0,0,148
2425,25,3,1,1,1,1,1,1,0,0,0,148
2426,26,3,1,1,1,1,1,1,0,0,0,148
2427,27,3,1,1,1,1,1,1,0,0,0,148
2428,28,7,1,1,1,1,1,1,3,0,0,148
2429,29,3,1,1,1,1,1,1,0,0,0,148
2430,30,3,1,1,1,1,1,1,0,0,0,148
2431,31,7,1,1,1,1,1,1,3,0,0,148
2432,32,3,1,1,1,1,1,1,0,0,0,148
2433,33,3,1,1,1,1,1,1,0,0,0,148
2434,34,3,1,1,1,1,1,1,0,0,0,148
2435,35,3,1,1,1,1,1,1,0,0,0,148
2436,36,3,1,1,1,1,1,1,0,0,0,148
2437,37,3,1,1,1,1,1,1,0,0,0,148
2438,38,6,1,1,1,1,1,1,1,0,0,148
2439,39,3,1,1,1,1,1,1,0,0,0,148
2440,40,3,1,1,1,1,1,1,0,0,0,148
2441,1,3,1,1,1,1,1,1,0,0,0,149
2442,2,3,1,1,1,1,1,1,0,0,0,149
2443,3,3,1,1,1,1,1,1,0,0,0,149
2444,4,3,1,0,1,0,1,1,1,0,0,149
2445,5,6,1,1,1,1,1,1,0,0,0,149
2446,6,7,1,1,1,1,1,1,3,0,0,149
2447,7,7,1,1,1,1,1,1,3,0,0,149
2448,8,3,1,1,1,1,1,1,0,0,0,149
2449,9,6,1,1,1,1,1,1,1,0,0,149
2450,10,3,1,1,1,1,1,1,0,0,0,149
2451,11,3,1,1,1,1,1,1,0,0,0,149
2452,12,6,1,1,1,1,1,1,1,0,0,149
2453,13,3,1,1,1,1,1,1,0,0,0,149
2454,14,3,1,1,1,1,1,1,0,0,0,149
2455,15,3,1,1,1,1,1,1,0,0,0,149
2456,16,6,1,1,1,1,1,1,1,0,0,149
2457,17,6,1,1,1,1,1,1,1,0,0,149
2458,18,6,1,1,1,1,1,1,1,0,0,149
2459,19,6,1,1,1,1,1,1,1,0,0,149
2460,20,6,1,1,1,1,1,1,1,0,0,149
2461,21,3,1,1,1,1,1,1,0,0,0,149
2462,22,3,1,1,1,1,1,1,0,0,0,149
2463,23,3,1,1,1,1,1,1,0,0,0,149
2464,24,3,1,1,1,1,1,1,0,0,0,149
2465,25,3,1,1,1,1,1,1,0,0,0,149
2466,26,7,1,1,1,1,1,1,3,0,0,149
2467,27,7,1,1,1,1,1,1,3,0,0,149
2468,28,6,1,1,1,1,1,1,1,0,0,149
2469,29,3,1,1,1,1,1,1,0,0,0,149
2470,30,3,1,1,1,1,1,1,0,0,0,149
2471,31,7,1,1,1,1,1,1,3,0,0,149
2472,32,3,1,1,1,1,1,1,0,0,0,149
2473,33,6,0,1,0,1,0,0,4,0,0,149
2474,34,8,1,1,0,1,0,1,0,0,0,149
2475,35,7,1,1,1,1,1,1,0,0,0,149
2476,36,5,1,1,1,1,1,1,0,0,1,149
2477,37,5,1,1,1,1,1,1,0,0,1,149
2478,38,5,1,0,1,0,1,1,1,0,1,149
2479,39,5,1,0,1,0,1,1,0,0,1,149
2480,40,3,1,1,1,1,1,1,0,0,0,149
2481,1,3,1,1,1,1,1,1,0,0,0,150
2482,2,3,1,1,1,1,1,1,0,0,0,150
2483,3,3,1,1,1,1,1,1,0,0,0,150
2484,4,3,1,0,1,0,1,1,1,0,0,150
2485,5,3,1,0,1,0,1,1,0,0,0,150
2486,6,3,1,0,0,0,0,1,3,0,0,150
2487,7,6,1,1,0,1,0,1,3,0,0,150
2488,8,7,1,1,1,1,1,1,0,0,0,150
2489,9,3,1,0,1,0,1,1,1,0,0,150
2490,10,3,1,0,1,0,1,1,0,0,0,150
2491,11,3,1,0,1,0,1,1,0,0,0,150
2492,12,6,1,1,1,1,1,1,1,0,0,150
2493,13,3,1,1,1,1,1,1,0,0,0,150
2494,14,3,1,1,1,1,1,1,0,0,0,150
2495,15,3,1,1,1,1,1,1,0,0,0,150
2496,16,3,1,0,1,0,1,1,1,0,0,150
2497,17,6,1,1,1,1,1,1,1,0,0,150
2498,18,3,1,0,1,0,1,1,1,0,0,150
2499,19,3,1,0,1,0,1,1,1,0,0,150
2500,20,6,1,1,1,1,1,1,1,0,0,150
2501,21,3,1,1,1,1,1,1,0,0,0,150
2502,22,3,1,1,1,1,1,1,0,0,0,150
2503,23,3,1,1,1,1,1,1,0,0,0,150
2504,24,3,1,1,1,1,1,1,0,0,0,150
2505,25,3,1,1,1,1,1,1,0,0,0,150
2506,26,3,1,1,0,1,0,1,3,0,0,150
2507,27,7,1,1,1,1,1,1,3,0,0,150
2508,28,3,1,0,1,0,1,1,1,0,0,150
2509,29,3,1,0,1,0,1,1,0,0,0,150
2510,30,3,1,0,1,0,1,1,0,0,0,150
2511,31,6,1,1,0,1,0,1,3,0,0,150
2512,32,3,1,1,0,1,0,1,0,0,0,150
2513,33,3,0,0,0,0,0,0,4,0,0,150
2514,34,3,0,0,0,0,0,0,0,0,0,150
2515,35,7,0,0,1,0,1,0,0,0,0,150
2516,36,5,0,0,1,0,1,0,0,0,1,150
2517,37,5,0,0,1,0,1,0,0,0,1,150
2518,38,5,0,0,1,0,1,0,1,0,1,150
2519,39,5,0,0,1,0,1,0,0,0,1,150
2520,40,3,1,1,1,1,1,1,0,0,0,150
2521,1,3,1,1,1,1,1,1,0,0,0,151
2522,2,3,1,1,1,1,1,1,0,0,0,151
2523,3,3,1,1,1,1,1,1,0,0,0,151
2524,4,6,1,1,1,1,1,1,1,0,0,151
2525,5,3,1,1,1,1,1,1,0,0,0,151
2526,6,3,1,1,0,1,0,1,3,0,0,151
2527,7,7,1,1,1,1,1,1,3,0,0,151
2528,8,3,1,1,1,1,1,1,0,0,0,151
2529,9,6,1,1,1,1,1,1,1,0,0,151
2530,10,3,1,1,1,1,1,1,0,0,0,151
2531,11,3,1,1,1,1,1,1,0,0,0,151
2532,12,3,1,0,1,0,1,1,1,0,0,151
2533,13,6,1,1,1,1,1,1,0,0,0,151
2534,14,3,1,1,1,1,1,1,0,0,0,151
2535,15,3,1,1,1,1,1,1,0,0,0,151
2536,16,3,1,0,1,0,1,1,1,0,0,151
2537,17,6,1,1,1,1,1,1,1,0,0,151
2538,18,6,1,1,1,1,1,1,1,0,0,151
2539,19,6,1,1,1,1,1,1,1,0,0,151
2540,20,6,1,1,1,1,1,1,1,0,0,151
2541,21,3,1,1,1,1,1,1,0,0,0,151
2542,22,3,1,1,1,1,1,1,0,0,0,151
2543,23,3,1,1,1,1,1,1,0,0,0,151
2544,24,3,1,1,1,1,1,1,0,0,0,151
2545,25,3,1,1,1,1,1,1,0,0,0,151
2546,26,7,1,1,1,1,1,1,3,0,0,151
2547,27,7,1,1,1,1,1,1,3,0,0,151
2548,28,6,1,1,1,1,1,1,1,0,0,151
2549,29,3,1,1,1,1,1,1,0,0,0,151
2550,30,3,1,1,1,1,1,1,0,0,0,151
2551,31,3,1,1,0,1,0,1,3,0,0,151
2552,32,7,1,1,1,1,1,1,0,0,0,151
2553,33,7,0,0,1,0,1,0,4,0,0,151
2554,34,8,1,0,1,0,1,1,0,0,0,151
2555,35,6,1,1,1,1,1,1,0,0,0,151
2556,36,5,1,1,1,1,1,1,0,0,1,151
2557,37,5,1,1,1,1,1,1,0,0,1,151
2558,38,5,1,0,1,0,1,1,1,0,1,151
2559,39,5,1,0,1,0,1,1,0,0,1,151
2560,40,3,1,1,1,1,1,1,0,0,0,151
2561,1,3,1,1,1,1,1,1,0,0,0,152
2562,2,3,1,1,1,1,1,1,0,0,0,152
2563,3,3,1,1,1,1,1,1,0,0,0,152
2564,4,3,1,1,1,1,1,1,0,0,0,152
2565,5,3,1,1,1,1,1,1,0,0,0,152
2566,6,3,1,1,1,1,1,1,0,0,0,152
2567,7,3,1,1,1,1,1,1,0,0,0,152
2568,8,3,1,1,1,1,1,1,0,0,0,152
2569,9,3,1,1,0,1,0,1,3,0,0,152
2570,10,3,1,0,0,0,0,1,1,0,0,152
2571,11,1,1,0,0,0,0,1,3,0,0,152
2572,12,3,1,0,0,0,0,1,0,0,0,152
2573,13,5,1,0,0,0,0,1,0,0,1,152
2574,14,5,1,0,0,0,0,1,0,0,1,152
2575,15,5,1,0,0,0,0,1,0,0,1,152
2576,16,5,1,0,0,0,0,1,0,0,1,152
2577,17,3,1,1,1,1,1,1,0,0,0,152
2578,18,3,1,1,1,1,1,1,0,0,0,152
2579,19,3,0,1,1,1,1,0,2,0,0,152
2580,20,3,0,1,1,1,1,0,0,0,0,152
2581,21,3,0,1,1,1,1,0,0,0,0,152
2582,22,5,0,1,1,1,1,0,0,0,1,152
2583,23,5,0,1,1,1,1,0,0,0,1,152
2584,24,3,1,0,1,0,1,1,1,0,0,152
2585,25,3,1,0,1,0,1,1,1,0,0,152
2586,26,3,1,0,1,0,1,1,0,0,0,152
2587,27,1,0,0,0,0,0,0,4,0,0,152
2588,28,5,0,0,0,0,0,0,0,0,1,152
2589,29,5,0,0,0,0,0,0,0,0,1,152
2590,30,3,1,1,1,1,1,1,0,0,0,152
2591,31,3,1,1,1,1,1,1,0,0,0,152
2592,32,3,1,1,1,1,1,1,0,0,0,152
2593,33,3,1,1,1,1,1,1,0,0,0,152
2594,34,3,1,1,1,1,1,1,0,0,0,152
2595,35,3,1,0,1,0,1,1,1,0,0,152
2596,36,3,1,0,1,0,1,1,0,0,0,152
2597,37,3,1,0,1,0,1,1,0,0,0,152
2598,38,3,1,0,1,0,1,1,0,0,0,152
2599,39,3,1,0,1,0,1,1,0,0,0,152
2600,40,3,1,0,1,0,1,1,0,0,0,152
2601,1,3,1,1,1,1,1,1,0,0,0,158
2602,2,3,1,1,1,1,1,1,0,0,0,158
2603,3,3,1,1,1,1,1,1,0,0,0,158
2604,4,3,1,1,1,1,1,1,0,0,0,158
2605,5,3,1,1,1,1,1,1,0,0,0,158
2606,6,3,1,1,1,1,1,1,0,0,0,158
2607,7,3,1,1,1,1,1,1,0,0,0,158
2608,8,3,1,1,1,1,1,1,0,0,0,158
2609,9,7,1,1,1,1,1,1,3,0,0,158
2610,10,6,1,1,1,1,1,1,1,0,0,158
2611,11,7,1,1,1,1,1,1,3,0,0,158
2612,12,3,1,1,1,1,1,1,0,0,0,158
2613,13,3,1,1,1,1,1,1,0,0,0,158
2614,14,3,1,1,1,1,1,1,0,0,0,158
2615,15,3,1,1,1,1,1,1,0,0,0,158
2616,16,3,1,1,1,1,1,1,0,0,0,158
2617,17,3,1,1,1,1,1,1,0,0,0,158
2618,18,3,1,1,1,1,1,1,0,0,0,158
2619,19,3,0,1,1,1,1,0,2,0,0,158
2620,20,3,0,1,1,1,1,0,0,0,0,158
2621,21,8,1,1,1,1,1,1,0,0,0,158
2622,22,3,1,1,1,1,1,1,0,0,0,158
2623,23,3,1,1,1,1,1,1,0,0,0,158
2624,24,6,1,1,1,1,1,1,1,0,0,158
2625,25,3,1,0,1,0,1,1,1,0,0,158
2626,26,6,1,1,1,1,1,1,0,0,0,158
2627,27,3,0,0,0,0,0,0,4,0,0,158
2628,28,6,0,1,0,1,0,0,0,0,0,158
2629,29,8,1,1,0,1,0,1,0,0,0,158
2630,30,5,1,1,0,1,0,1,0,0,1,158
2631,31,5,1,1,0,1,0,1,0,0,1,158
2632,32,3,1,1,1,1,1,1,0,0,0,158
2633,33,3,1,1,1,1,1,1,0,0,0,158
2634,34,3,1,1,1,1,1,1,0,0,0,158
2635,35,6,1,1,1,1,1,1,1,0,0,158
2636,36,3,1,1,1,1,1,1,0,0,0,158
2637,37,3,1,1,1,1,1,1,0,0,0,158
2638,38,3,1,1,1,1,1,1,0,0,0,158
2639,39,3,1,1,1,1,1,1,0,0,0,158
2640,40,3,1,1,1,1,1,1,0,0,0,158
2641,1,3,1,1,1,1,1,1,0,0,0,164
2642,2,3,1,1,1,1,1,1,0,0,0,164
2643,3,3,1,1,1,1,1,1,0,0,0,164
2644,4,3,1,1,1,1,1,1,0,0,0,164
2645,5,3,1,1,1,1,1,1,0,0,0,164
2646,6,3,1,1,1,1,1,1,0,0,0,164
2647,7,3,1,1,1,1,1,1,0,0,0,164
2648,8,3,1,1,1,1,1,1,0,0,0,164
2649,9,3,1,1,0,1,0,1,3,0,0,164
2650,10,3,1,0,0,0,0,1,1,0,0,164
2651,11,3,1,0,0,0,0,1,3,0,0,164
2652,12,3,1,0,0,0,0,1,0,0,0,164
2653,13,3,1,0,0,0,0,1,0,0,0,164
2654,14,3,1,0,0,0,0,1,0,0,0,164
2655,15,6,1,1,0,1,0,1,0,0,0,164
2656,16,7,1,1,1,1,1,1,0,0,0,164
2657,17,3,1,1,1,1,1,1,0,0,0,164
2658,18,3,1,1,1,1,1,1,0,0,0,164
2659,19,3,0,1,1,1,1,0,2,0,0,164
2660,20,3,0,1,1,1,1,0,0,0,0,164
2661,21,3,0,1,1,1,1,0,0,0,0,164
2662,22,5,0,1,1,1,1,0,0,0,1,164
2663,23,5,0,1,1,1,1,0,0,0,1,164
2664,24,1,1,0,1,0,1,1,1,0,0,164
2665,25,3,1,0,1,0,1,1,1,0,0,164
2666,26,3,1,0,1,0,1,1,0,0,0,164
2667,27,5,0,0,0,0,0,0,4,0,1,164
2668,28,5,0,0,0,0,0,0,0,0,1,164
2669,29,3,1,1,1,1,1,1,0,0,0,164
2670,30,3,1,1,1,1,1,1,0,0,0,164
2671,31,3,1,1,1,1,1,1,0,0,0,164
2672,32,3,1,1,1,1,1,1,0,0,0,164
2673,33,3,1,1,1,1,1,1,0,0,0,164
2674,34,3,1,1,1,1,1,1,0,0,0,164
2675,35,3,1,0,1,0,1,1,1,0,0,164
2676,36,6,1,1,1,1,1,1,0,0,0,164
2677,37,3,1,1,1,1,1,1,0,0,0,164
2678,38,3,1,1,1,1,1,1,0,0,0,164
2679,39,3,1,1,1,1,1,1,0,0,0,164
2680,40,3,1,1,1,1,1,1,0,0,0,164
2681,1,3,1,1,1,1,1,1,0,0,0,183
2682,2,3,1,1,1,1,1,1,0,0,0,183
2683,3,3,1,1,1,1,1,1,0,0,0,183
2684,4,3,1,1,1,1,1,1,0,0,0,183
2685,5,3,1,1,1,1,1,1,0,0,0,183
2686,6,3,1,1,1,1,1,1,0,0,0,183
2687,7,3,1,1,1,1,1,1,0,0,0,183
2688,8,3,1,1,1,1,1,1,0,0,0,183
2689,9,7,1,1,1,1,1,1,3,0,0,183
2690,10,6,1,1,1,1,1,1,1,0,0,183
2691,11,3,1,1,0,1,0,1,3,0,0,183
2692,12,5,1,1,0,1,0,1,0,0,0,183
2693,13,7,1,1,1,1,1,1,0,0,0,183
2694,14,3,1,1,1,1,1,1,0,0,0,183
2695,15,3,1,1,1,1,1,1,0,0,0,183
2696,16,3,1,1,1,1,1,1,0,0,0,183
2697,17,3,1,1,1,1,1,1,0,0,0,183
2698,18,3,1,1,1,1,1,1,0,0,0,183
2699,19,8,1,1,1,1,1,1,2,0,0,183
2700,20,3,1,1,1,1,1,1,0,0,0,183
2701,21,3,1,1,1,1,1,1,0,0,0,183
2702,22,3,1,1,1,1,1,1,0,0,0,183
2703,23,3,1,1,1,1,1,1,0,0,0,183
2704,24,3,1,0,1,0,1,1,1,0,0,183
2705,25,5,1,0,1,0,1,1,1,0,0,183
2706,26,6,1,1,1,1,1,1,0,0,0,183
2707,27,6,0,1,0,1,0,0,4,0,0,183
2708,28,5,0,1,0,1,0,0,0,0,0,183
2709,29,8,1,1,0,1,0,1,0,0,0,183
2710,30,7,1,1,1,1,1,1,0,0,0,183
2711,31,3,1,1,1,1,1,1,0,0,0,183
2712,32,3,1,1,1,1,1,1,0,0,0,183
2713,33,3,1,1,1,1,1,1,0,0,0,183
2714,34,3,1,1,1,1,1,1,0,0,0,183
2715,35,6,1,1,1,1,1,1,1,0,0,183
2716,36,3,1,1,1,1,1,1,0,0,0,183
2717,37,3,1,1,1,1,1,1,0,0,0,183
2718,38,3,1,1,1,1,1,1,0,0,0,183
2719,39,3,1,1,1,1,1,1,0,0,0,183
2720,40,3,1,1,1,1,1,1,0,0,0,183
2721,1,3,1,1,1,1,1,1,0,0,0,154
2722,2,3,1,1,1,1,1,1,0,0,0,154
2723,3,3,1,1,1,1,1,1,0,0,0,154
2724,4,3,1,1,0,1,0,1,3,0,0,154
2725,5,3,1,1,0,1,0,1,0,0,0,154
2726,6,3,0,0,0,0,0,0,4,0,0,154
2727,7,3,0,0,0,0,0,0,1,0,0,154
2728,8,5,0,0,0,0,0,0,0,0,1,154
2729,9,5,0,0,0,0,0,0,0,0,1,154
2730,10,3,1,1,1,1,1,1,0,0,0,154
2731,11,3,1,1,0,1,0,1,3,0,0,154
2732,12,3,1,1,0,1,0,1,0,0,0,154
2733,13,3,0,1,0,1,0,0,2,0,0,154
2734,14,3,0,1,0,1,0,0,0,0,0,154
2735,15,5,0,1,0,1,0,0,0,0,0,154
2736,16,3,0,0,0,0,0,0,1,0,0,154
2737,17,3,0,0,0,0,0,0,0,0,0,154
2738,18,5,0,0,0,0,0,0,0,0,1,154
2739,19,5,0,0,0,0,0,0,0,0,1,154
2740,20,5,0,0,0,0,0,0,0,0,1,154
2741,21,5,0,0,0,0,0,0,1,0,1,154
2742,22,3,1,1,1,1,1,1,0,0,0,154
2743,23,3,1,1,1,1,1,1,0,0,0,154
2744,24,5,1,1,1,1,1,1,0,0,0,154
2745,25,3,1,1,1,1,1,1,0,0,0,154
2746,26,5,1,1,1,1,1,1,0,0,0,154
2747,27,3,1,1,1,1,1,1,0,0,0,154
2748,28,3,1,1,1,1,1,1,0,0,0,154
2749,29,3,1,1,1,1,1,1,0,0,0,154
2750,30,3,1,1,1,1,1,1,0,0,0,154
2751,31,5,1,1,1,1,1,1,0,0,0,154
2752,32,3,1,1,1,1,1,1,0,0,0,154
2753,33,5,0,1,1,1,1,0,2,0,0,154
2754,34,3,0,1,0,1,0,0,3,0,0,154
2755,35,3,0,1,0,1,0,0,3,0,0,154
2756,36,5,0,0,0,0,0,0,1,0,1,154
2757,37,5,0,0,0,0,0,0,0,0,1,154
2758,38,3,1,0,1,0,1,1,1,0,0,154
2759,39,3,1,0,1,0,1,1,0,0,0,154
2760,40,3,0,0,1,0,1,0,2,0,0,154
2761,1,3,1,1,1,1,1,1,0,0,0,160
2762,2,3,1,1,1,1,1,1,0,0,0,160
2763,3,3,1,1,1,1,1,1,0,0,0,160
2764,4,3,1,1,0,1,0,1,3,0,0,160
2765,5,3,1,1,0,1,0,1,0,0,0,160
2766,6,7,0,0,1,0,1,0,4,0,0,160
2767,7,6,0,1,1,1,1,0,1,0,0,160
2768,8,5,0,1,1,1,1,0,0,0,1,160
2769,9,5,0,1,1,1,1,0,0,0,1,160
2770,10,3,1,1,1,1,1,1,0,0,0,160
2771,11,7,1,1,1,1,1,1,3,0,0,160
2772,12,3,1,1,1,1,1,1,0,0,0,160
2773,13,8,1,1,1,1,1,1,2,0,0,160
2774,14,3,1,1,1,1,1,1,0,0,0,160
2775,15,3,1,1,1,1,1,1,0,0,0,160
2776,16,6,1,1,1,1,1,1,1,0,0,160
2777,17,3,1,1,1,1,1,1,0,0,0,160
2778,18,5,1,1,1,1,1,1,0,0,1,160
2779,19,5,1,1,1,1,1,1,0,0,1,160
2780,20,5,1,1,1,1,1,1,0,0,1,160
2781,21,5,1,0,1,0,1,1,1,0,1,160
2782,22,3,1,1,1,1,1,1,0,0,0,160
2783,23,3,1,1,1,1,1,1,0,0,0,160
2784,24,3,1,1,1,1,1,1,0,0,0,160
2785,25,3,1,1,1,1,1,1,0,0,0,160
2786,26,3,1,1,1,1,1,1,0,0,0,160
2787,27,3,1,1,1,1,1,1,0,0,0,160
2788,28,3,1,1,1,1,1,1,0,0,0,160
2789,29,3,1,1,1,1,1,1,0,0,0,160
2790,30,3,1,1,1,1,1,1,0,0,0,160
2791,31,3,1,1,1,1,1,1,0,0,0,160
2792,32,1,1,1,1,1,1,1,0,0,0,160
2793,33,8,1,1,1,1,1,1,2,0,0,160
2794,34,5,1,1,0,1,0,1,3,0,0,160
2795,35,5,1,1,0,1,0,1,3,0,0,160
2796,36,5,1,0,0,0,0,1,1,0,1,160
2797,37,5,1,0,0,0,0,1,0,0,1,160
2798,38,6,1,1,1,1,1,1,1,0,0,160
2799,39,3,1,1,1,1,1,1,0,0,0,160
2800,40,3,0,1,1,1,1,0,2,0,0,160
2801,1,3,1,1,1,1,1,1,0,0,0,166
2802,2,3,1,1,1,1,1,1,0,0,0,166
2803,3,3,1,1,1,1,1,1,0,0,0,166
2804,4,3,1,1,0,1,0,1,3,0,0,166
2805,5,3,1,1,0,1,0,1,0,0,0,166
2806,6,6,0,1,0,1,0,0,4,0,0,166
2807,7,3,0,0,0,0,0,0,1,0,0,166
2808,8,5,0,0,0,0,0,0,0,0,1,166
2809,9,5,0,0,0,0,0,0,0,0,1,166
2810,10,3,1,1,1,1,1,1,0,0,0,166
2811,11,7,1,1,1,1,1,1,3,0,0,166
2812,12,3,1,1,1,1,1,1,0,0,0,166
2813,13,3,0,1,1,1,1,0,2,0,0,166
2814,14,3,0,1,1,1,1,0,0,0,0,166
2815,15,8,1,1,1,1,1,1,0,0,0,166
2816,16,3,1,0,1,0,1,1,1,0,0,166
2817,17,3,1,0,1,0,1,1,0,0,0,166
2818,18,5,1,0,1,0,1,1,0,0,1,166
2819,19,5,1,0,1,0,1,1,0,0,1,166
2820,20,5,1,0,1,0,1,1,0,0,1,166
2821,21,5,1,0,1,0,1,1,1,0,1,166
2822,22,3,1,1,1,1,1,1,0,0,0,166
2823,23,3,1,1,1,1,1,1,0,0,0,166
2824,24,3,1,1,1,1,1,1,0,0,0,166
2825,25,3,1,1,1,1,1,1,0,0,0,166
2826,26,3,1,1,1,1,1,1,0,0,0,166
2827,27,3,1,1,1,1,1,1,0,0,0,166
2828,28,3,1,1,1,1,1,1,0,0,0,166
2829,29,3,1,1,1,1,1,1,0,0,0,166
2830,30,3,1,1,1,1,1,1,0,0,0,166
2831,31,3,1,1,1,1,1,1,0,0,0,166
2832,32,3,1,1,1,1,1,1,0,0,0,166
2833,33,1,0,1,1,1,1,0,2,0,0,166
2834,34,3,0,1,0,1,0,0,3,0,0,166
2835,35,8,1,1,0,1,0,1,3,0,0,166
2836,36,5,1,0,0,0,0,1,1,0,1,166
2837,37,5,1,0,0,0,0,1,0,0,1,166
2838,38,3,1,0,1,0,1,1,1,0,0,166
2839,39,3,1,0,1,0,1,1,0,0,0,166
2840,40,3,0,0,1,0,1,0,2,0,0,166
2841,1,3,1,1,1,1,1,1,0,0,0,185
2842,2,3,1,1,1,1,1,1,0,0,0,185
2843,3,3,1,1,1,1,1,1,0,0,0,185
2844,4,7,1,1,1,1,1,1,3,0,0,185
2845,5,3,1,1,1,1,1,1,0,0,0,185
2846,6,6,0,1,0,1,0,0,4,0,0,185
2847,7,8,1,0,0,0,0,1,1,0,0,185
2848,8,5,1,0,0,0,0,1,0,0,1,185
2849,9,5,1,0,0,0,0,1,0,0,1,185
2850,10,3,1,1,1,1,1,1,0,0,0,185
2851,11,3,1,1,0,1,0,1,3,0,0,185
2852,12,7,1,1,1,1,1,1,0,0,0,185
2853,13,8,1,1,1,1,1,1,2,0,0,185
2854,14,1,1,1,1,1,1,1,0,0,0,185
2855,15,3,1,1,1,1,1,1,0,0,0,185
2856,16,6,1,1,1,1,1,1,1,0,0,185
2857,17,3,1,1,1,1,1,1,0,0,0,185
2858,18,5,1,1,1,1,1,1,0,0,1,185
2859,19,5,1,1,1,1,1,1,0,0,1,185
2860,20,5,1,1,1,1,1,1,0,0,1,185
2861,21,5,1,0,1,0,1,1,1,0,1,185
2862,22,3,1,1,1,1,1,1,0,0,0,185
2863,23,1,1,1,1,1,1,1,0,0,0,185
2864,24,3,1,1,1,1,1,1,0,0,0,185
2865,25,1,1,1,1,1,1,1,0,0,0,185
2866,26,3,1,1,1,1,1,1,0,0,0,185
2867,27,3,1,1,1,1,1,1,0,0,0,185
2868,28,3,1,1,1,1,1,1,0,0,0,185
2869,29,3,1,1,1,1,1,1,0,0,0,185
2870,30,1,1,1,1,1,1,1,0,0,0,185
2871,31,3,1,1,1,1,1,1,0,0,0,185
2872,32,1,1,1,1,1,1,1,0,0,0,185
2873,33,5,0,1,1,1,1,0,2,0,0,185
2874,34,1,0,1,0,1,0,0,3,0,0,185
2875,35,8,1,1,0,1,0,1,3,0,0,185
2876,36,5,1,0,0,0,0,1,1,0,1,185
2877,37,5,1,0,0,0,0,1,0,0,1,185
2878,38,6,1,1,1,1,1,1,1,0,0,185
2879,39,3,1,1,1,1,1,1,0,0,0,185
2880,40,3,0,1,1,1,1,0,2,0,0,185
2881,1,3,1,1,1,1,1,1,0,0,0,155
2882,2,3,1,1,1,1,1,1,0,0,0,155
2883,3,3,1,1,1,1,1,1,0,0,0,155
2884,4,3,1,1,1,1,1,1,0,0,0,155
2885,5,3,1,0,1,0,1,1,1,0,0,155
2886,6,1,1,0,0,0,0,1,3,0,0,155
2887,7,3,1,0,0,0,0,1,0,0,0,155
2888,8,5,1,0,0,0,0,1,0,0,1,155
2889,9,5,1,0,0,0,0,1,0,0,1,155
2890,10,3,1,1,1,1,1,1,0,0,0,155
2891,11,3,1,0,1,0,1,1,1,0,0,155
2892,12,3,1,0,1,0,1,1,0,0,0,155
2893,13,3,1,0,1,0,1,1,0,0,0,155
2894,14,3,1,0,1,0,1,1,0,0,0,155
2895,15,3,1,0,1,0,1,1,0,0,0,155
2896,16,3,1,0,1,0,1,1,0,0,0,155
2897,17,3,1,0,1,0,1,1,0,0,0,155
2898,18,3,1,0,1,0,1,1,0,0,0,155
2899,19,3,1,0,0,0,0,1,3,0,0,155
2900,20,5,1,0,0,0,0,1,0,0,1,155
2901,21,5,1,0,0,0,0,1,0,0,1,155
2902,22,3,1,1,1,1,1,1,0,0,0,155
2903,23,3,1,1,0,1,0,1,3,0,0,155
2904,24,3,1,1,0,1,0,1,0,0,0,155
2905,25,3,1,1,0,1,0,1,0,0,0,155
2906,26,3,1,1,0,1,0,1,0,0,0,155
2907,27,5,1,1,0,1,0,1,0,0,1,155
2908,28,5,1,1,0,1,0,1,0,0,1,155
2909,29,3,1,1,1,1,1,1,0,0,0,155
2910,30,3,0,1,1,1,1,0,2,0,0,155
2911,31,3,0,1,1,1,1,0,0,0,0,155
2912,32,3,0,0,1,0,1,0,1,0,0,155
2913,33,5,0,0,1,0,1,0,1,0,1,155
2914,34,5,0,0,1,0,1,0,0,0,1,155
2915,35,3,1,1,1,1,1,1,0,0,0,155
2916,36,5,1,0,1,0,1,1,1,0,0,155
2917,37,3,1,0,0,0,0,1,3,0,0,155
2918,38,3,1,0,0,0,0,1,0,0,0,155
2919,39,3,1,0,0,0,0,1,1,0,0,155
2920,40,3,1,0,0,0,0,1,1,0,0,155
2921,1,3,1,1,1,1,1,1,0,0,0,161
2922,2,3,1,1,1,1,1,1,0,0,0,161
2923,3,3,1,1,1,1,1,1,0,0,0,161
2924,4,3,1,1,1,1,1,1,0,0,0,161
2925,5,6,1,1,1,1,1,1,1,0,0,161
2926,6,7,1,1,1,1,1,1,3,0,0,161
2927,7,3,1,1,1,1,1,1,0,0,0,161
2928,8,5,1,1,1,1,1,1,0,0,1,161
2929,9,5,1,1,1,1,1,1,0,0,1,161
2930,10,3,1,1,1,1,1,1,0,0,0,161
2931,11,6,1,1,1,1,1,1,1,0,0,161
2932,12,3,1,1,1,1,1,1,0,0,0,161
2933,13,3,1,1,1,1,1,1,0,0,0,161
2934,14,3,1,1,1,1,1,1,0,0,0,161
2935,15,3,1,1,1,1,1,1,0,0,0,161
2936,16,3,1,1,1,1,1,1,0,0,0,161
2937,17,3,1,1,1,1,1,1,0,0,0,161
2938,18,1,1,1,1,1,1,1,0,0,0,161
2939,19,7,1,1,1,1,1,1,3,0,0,161
2940,20,5,1,1,1,1,1,1,0,0,1,161
2941,21,5,1,1,1,1,1,1,0,0,1,161
2942,22,3,1,1,1,1,1,1,0,0,0,161
2943,23,7,1,1,1,1,1,1,3,0,0,161
2944,24,3,1,1,1,1,1,1,0,0,0,161
2945,25,3,1,1,1,1,1,1,0,0,0,161
2946,26,3,1,1,1,1,1,1,0,0,0,161
2947,27,5,1,1,1,1,1,1,0,0,1,161
2948,28,5,1,1,1,1,1,1,0,0,1,161
2949,29,3,1,1,1,1,1,1,0,0,0,161
2950,30,3,0,1,1,1,1,0,2,0,0,161
2951,31,3,0,1,1,1,1,0,0,0,0,161
2952,32,8,1,0,1,0,1,1,1,0,0,161
2953,33,5,1,0,1,0,1,1,1,0,1,161
2954,34,5,1,0,1,0,1,1,0,0,1,161
2955,35,3,1,1,1,1,1,1,0,0,0,161
2956,36,6,1,1,1,1,1,1,1,0,0,161
2957,37,7,1,1,1,1,1,1,3,0,0,161
2958,38,3,1,1,1,1,1,1,0,0,0,161
2959,39,3,1,0,1,0,1,1,1,0,0,161
2960,40,6,1,1,1,1,1,1,1,0,0,161
2961,1,3,1,1,1,1,1,1,0,0,0,167
2962,2,3,1,1,1,1,1,1,0,0,0,167
2963,3,3,1,1,1,1,1,1,0,0,0,167
2964,4,3,1,1,1,1,1,1,0,0,0,167
2965,5,3,1,0,1,0,1,1,1,0,0,167
2966,6,6,1,1,0,1,0,1,3,0,0,167
2967,7,5,1,1,0,1,0,1,0,0,0,167
2968,8,5,1,1,0,1,0,1,0,0,1,167
2969,9,5,1,1,0,1,0,1,0,0,1,167
2970,10,3,1,1,1,1,1,1,0,0,0,167
2971,11,3,1,0,1,0,1,1,1,0,0,167
2972,12,6,1,1,1,1,1,1,0,0,0,167
2973,13,3,1,1,1,1,1,1,0,0,0,167
2974,14,3,1,1,1,1,1,1,0,0,0,167
2975,15,3,1,1,1,1,1,1,0,0,0,167
2976,16,3,1,1,1,1,1,1,0,0,0,167
2977,17,3,1,1,1,1,1,1,0,0,0,167
2978,18,3,1,1,1,1,1,1,0,0,0,167
2979,19,3,1,1,0,1,0,1,3,0,0,167
2980,20,5,1,1,0,1,0,1,0,0,1,167
2981,21,5,1,1,0,1,0,1,0,0,1,167
2982,22,3,1,1,1,1,1,1,0,0,0,167
2983,23,3,1,1,0,1,0,1,3,0,0,167
2984,24,3,1,1,0,1,0,1,0,0,0,167
2985,25,3,1,1,0,1,0,1,0,0,0,167
2986,26,3,1,1,0,1,0,1,0,0,0,167
2987,27,5,1,1,0,1,0,1,0,0,1,167
2988,28,5,1,1,0,1,0,1,0,0,1,167
2989,29,3,1,1,1,1,1,1,0,0,0,167
2990,30,3,0,1,1,1,1,0,2,0,0,167
2991,31,3,0,1,1,1,1,0,0,0,0,167
2992,32,6,0,1,1,1,1,0,1,0,0,167
2993,33,5,0,0,1,0,1,0,1,0,1,167
2994,34,5,0,0,1,0,1,0,0,0,1,167
2995,35,1,1,1,1,1,1,1,0,0,0,167
2996,36,6,1,1,1,1,1,1,1,0,0,167
2997,37,3,1,1,0,1,0,1,3,0,0,167
2998,38,3,1,1,0,1,0,1,0,0,0,167
2999,39,3,1,0,0,0,0,1,1,0,0,167
3000,40,3,1,0,0,0,0,1,1,0,0,167
3001,1,3,1,1,1,1,1,1,0,0,0,186
3002,2,3,1,1,1,1,1,1,0,0,0,186
3003,3,3,1,1,1,1,1,1,0,0,0,186
3004,4,3,1,1,1,1,1,1,0,0,0,186
3005,5,6,1,1,1,1,1,1,1,0,0,186
3006,6,3,1,1,0,1,0,1,3,0,0,186
3007,7,7,1,1,1,1,1,1,0,0,0,186
3008,8,5,1,1,1,1,1,1,0,0,1,186
3009,9,5,1,1,1,1,1,1,0,0,1,186
3010,10,3,1,1,1,1,1,1,0,0,0,186
3011,11,6,1,1,1,1,1,1,1,0,0,186
3012,12,3,1,1,1,1,1,1,0,0,0,186
3013,13,3,1,1,1,1,1,1,0,0,0,186
3014,14,3,1,1,1,1,1,1,0,0,0,186
3015,15,3,1,1,1,1,1,1,0,0,0,186
3016,16,3,1,1,1,1,1,1,0,0,0,186
3017,17,3,1,1,1,1,1,1,0,0,0,186
3018,18,3,1,1,1,1,1,1,0,0,0,186
3019,19,5,1,1,0,1,0,1,3,0,0,186
3020,20,5,1,1,0,1,0,1,0,0,1,186
3021,21,5,1,1,0,1,0,1,0,0,1,186
3022,22,3,1,1,1,1,1,1,0,0,0,186
3023,23,3,1,1,0,1,0,1,3,0,0,186
3024,24,7,1,1,1,1,1,1,0,0,0,186
3025,25,3,1,1,1,1,1,1,0,0,0,186
3026,26,3,1,1,1,1,1,1,0,0,0,186
3027,27,5,1,1,1,1,1,1,0,0,1,186
3028,28,5,1,1,1,1,1,1,0,0,1,186
3029,29,3,1,1,1,1,1,1,0,0,0,186
3030,30,8,1,1,1,1,1,1,2,0,0,186
3031,31,3,1,1,1,1,1,1,0,0,0,186
3032,32,6,1,1,1,1,1,1,1,0,0,186
3033,33,5,1,0,1,0,1,1,1,0,1,186
3034,34,5,1,0,1,0,1,1,0,0,1,186
3035,35,3,1,1,1,1,1,1,0,0,0,186
3036,36,3,1,0,1,0,1,1,1,0,0,186
3037,37,6,1,1,0,1,0,1,3,0,0,186
3038,38,3,1,1,0,1,0,1,0,0,0,186
3039,39,7,1,0,1,0,1,1,1,0,0,186
3040,40,3,1,0,1,0,1,1,1,0,0,186
3041,1,3,1,1,1,1,1,1,0,0,0,189
3042,2,3,1,0,1,0,1,1,1,0,0,189
3043,3,3,1,0,1,0,1,1,0,0,0,189
3044,4,6,1,1,1,1,1,1,0,0,0,189
3045,5,3,1,1,1,1,1,1,0,0,0,189
3046,6,5,1,1,1,1,1,1,0,0,0,189
3047,7,3,1,1,1,1,1,1,0,0,0,189
3048,8,3,1,1,1,1,1,1,0,0,0,189
3049,9,3,1,0,1,0,1,1,1,0,0,189
3050,10,3,1,0,1,0,1,1,0,0,0,189
3051,11,3,0,0,0,0,0,0,4,0,0,189
3052,12,5,0,0,0,0,0,0,0,0,1,189
3053,13,5,0,0,0,0,0,0,0,0,1,189
3054,14,6,1,1,1,1,1,1,1,0,0,189
3055,15,3,1,1,1,1,1,1,0,0,0,189
3056,16,3,1,0,1,0,1,1,1,0,0,189
3057,17,3,1,0,1,0,1,1,0,0,0,189
3058,18,6,1,1,1,1,1,1,0,0,0,189
3059,19,3,1,1,1,1,1,1,0,0,0,189
3060,20,3,1,1,1,1,1,1,0,0,0,189
3061,21,3,1,1,1,1,1,1,0,0,0,189
3062,22,3,1,0,1,0,1,1,1,0,0,189
3063,23,3,1,0,1,0,1,1,0,0,0,189
3064,24,3,1,0,1,0,1,1,1,0,0,189
3065,25,6,1,1,1,1,1,1,0,0,0,189
3066,26,3,1,1,1,1,1,1,0,0,0,189
3067,27,5,1,0,1,0,1,1,1,0,0,189
3068,28,3,1,0,1,0,1,1,0,0,0,189
3069,29,6,1,1,1,1,1,1,0,0,0,189
3070,30,3,1,1,1,1,1,1,0,0,0,189
3071,31,3,1,1,1,1,1,1,0,0,0,189
3072,32,3,1,0,1,0,1,1,1,0,0,189
3073,33,3,1,0,0,0,0,1,3,0,0,189
3074,34,6,1,1,0,1,0,1,3,0,0,189
3075,35,7,1,1,1,1,1,1,0,0,0,189
3076,36,3,0,0,0,0,0,0,4,0,0,189
3077,37,6,0,1,0,1,0,0,0,0,0,189
3078,38,7,0,1,1,1,1,0,0,0,0,189
3079,39,3,0,1,1,1,1,0,0,0,0,189
3080,40,3,0,1,1,1,1,0,0,0,0,189
3081,1,3,1,1,1,1,1,1,0,0,0,195
3082,2,6,1,1,1,1,1,1,1,0,0,195
3083,3,3,1,1,1,1,1,1,0,0,0,195
3084,4,3,1,1,1,1,1,1,0,0,0,195
3085,5,1,1,1,1,1,1,1,0,0,0,195
3086,6,3,1,1,1,1,1,1,0,0,0,195
3087,7,3,1,1,1,1,1,1,0,0,0,195
3088,8,3,1,1,1,1,1,1,0,0,0,195
3089,9,6,1,1,1,1,1,1,1,0,0,195
3090,10,1,1,1,1,1,1,1,0,0,0,195
3091,11,7,0,0,1,0,1,0,4,0,0,195
3092,12,8,1,0,1,0,1,1,0,0,0,195
3093,13,6,1,1,1,1,1,1,0,0,0,195
3094,14,3,1,0,1,0,1,1,1,0,0,195
3095,15,3,1,0,1,0,1,1,0,0,0,195
3096,16,6,1,1,1,1,1,1,1,0,0,195
3097,17,3,1,1,1,1,1,1,0,0,0,195
3098,18,3,1,1,1,1,1,1,0,0,0,195
3099,19,3,1,1,1,1,1,1,0,0,0,195
3100,20,3,1,1,1,1,1,1,0,0,0,195
3101,21,1,1,1,1,1,1,1,0,0,0,195
3102,22,3,1,0,1,0,1,1,1,0,0,195
3103,23,3,1,0,1,0,1,1,0,0,0,195
3104,24,6,1,1,1,1,1,1,1,0,0,195
3105,25,3,1,1,1,1,1,1,0,0,0,195
3106,26,1,1,1,1,1,1,1,0,0,0,195
3107,27,3,1,0,1,0,1,1,1,0,0,195
3108,28,3,1,0,1,0,1,1,0,0,0,195
3109,29,6,1,1,1,1,1,1,0,0,0,195
3110,30,3,1,1,1,1,1,1,0,0,0,195
3111,31,3,1,1,1,1,1,1,0,0,0,195
3112,32,3,1,0,1,0,1,1,1,0,0,195
3113,33,3,1,0,0,0,0,1,3,0,0,195
3114,34,6,1,1,0,1,0,1,3,0,0,195
3115,35,7,1,1,1,1,1,1,0,0,0,195
3116,36,3,0,0,0,0,0,0,4,0,0,195
3117,37,3,0,0,0,0,0,0,0,0,0,195
3118,38,3,0,0,0,0,0,0,0,0,0,195
3119,39,5,0,0,0,0,0,0,0,0,1,195
3120,40,5,0,0,0,0,0,0,0,0,1,195
3121,1,3,1,1,1,1,1,1,0,0,0,207
3122,2,3,1,0,1,0,1,1,1,0,0,207
3123,3,6,1,1,1,1,1,1,0,0,0,207
3124,4,3,1,1,1,1,1,1,0,0,0,207
3125,5,3,1,1,1,1,1,1,0,0,0,207
3126,6,3,1,1,1,1,1,1,0,0,0,207
3127,7,3,1,1,1,1,1,1,0,0,0,207
3128,8,3,1,1,1,1,1,1,0,0,0,207
3129,9,3,1,0,1,0,1,1,1,0,0,207
3130,10,6,1,1,1,1,1,1,0,0,0,207
3131,11,5,0,0,0,0,0,0,4,0,0,207
3132,12,6,0,1,0,1,0,0,0,0,0,207
3133,13,8,1,1,0,1,0,1,0,0,0,207
3134,14,3,1,0,0,0,0,1,1,0,0,207
3135,15,3,1,0,0,0,0,1,0,0,0,207
3136,16,6,1,1,0,1,0,1,1,0,0,207
3137,17,7,1,1,1,1,1,1,0,0,0,207
3138,18,3,1,1,1,1,1,1,0,0,0,207
3139,19,3,1,1,1,1,1,1,0,0,0,207
3140,20,3,1,1,1,1,1,1,0,0,0,207
3141,21,3,1,1,1,1,1,1,0,0,0,207
3142,22,5,1,0,1,0,1,1,1,0,0,207
3143,23,3,1,0,1,0,1,1,0,0,0,207
3144,24,6,1,1,1,1,1,1,1,0,0,207
3145,25,3,1,1,1,1,1,1,0,0,0,207
3146,26,3,1,1,1,1,1,1,0,0,0,207
3147,27,3,1,0,1,0,1,1,1,0,0,207
3148,28,3,1,0,1,0,1,1,0,0,0,207
3149,29,6,1,1,1,1,1,1,0,0,0,207
3150,30,3,1,1,1,1,1,1,0,0,0,207
3151,31,3,1,1,1,1,1,1,0,0,0,207
3152,32,3,1,0,1,0,1,1,1,0,0,207
3153,33,3,1,0,0,0,0,1,3,0,0,207
3154,34,6,1,1,0,1,0,1,3,0,0,207
3155,35,7,1,1,1,1,1,1,0,0,0,207
3156,36,3,0,0,0,0,0,0,4,0,0,207
3157,37,3,0,0,0,0,0,0,0,0,0,207
3158,38,3,0,0,0,0,0,0,0,0,0,207
3159,39,5,0,0,0,0,0,0,0,0,1,207
3160,40,5,0,0,0,0,0,0,0,0,1,207
3161,1,3,1,1,1,1,1,1,0,0,0,190
3162,2,3,1,1,1,1,1,1,0,0,0,190
3163,3,3,1,1,1,1,1,1,0,0,0,190
3164,4,3,1,1,1,1,1,1,0,0,0,190
3165,5,3,1,1,1,1,1,1,0,0,0,190
3166,6,3,1,1,1,1,1,1,0,0,0,190
3167,7,3,1,1,1,1,1,1,0,0,0,190
3168,8,3,1,1,1,1,1,1,0,0,0,190
3169,9,3,1,1,1,1,1,1,0,0,0,190
3170,10,3,1,1,1,1,1,1,0,0,0,190
3171,11,3,1,1,1,1,1,1,0,0,0,190
3172,12,3,1,1,1,1,1,1,0,0,0,190
3173,13,3,1,1,1,1,1,1,0,0,0,190
3174,14,3,0,0,0,0,0,0,4,0,0,190
3175,15,3,0,0,0,0,0,0,0,0,0,190
3176,16,7,0,0,1,0,1,0,3,0,0,190
3177,17,5,0,0,0,0,0,0,3,0,1,190
3178,18,5,0,0,0,0,0,0,3,0,1,190
3179,19,5,0,0,0,0,0,0,0,0,1,190
3180,20,5,0,0,0,0,0,0,0,0,1,190
3181,21,3,1,1,1,1,1,1,0,0,0,190
3182,22,3,1,1,0,1,0,1,3,0,0,190
3183,23,3,1,0,0,0,0,1,1,0,0,190
3184,24,7,1,0,1,0,1,1,3,0,0,190
3185,25,6,1,1,1,1,1,1,0,0,0,190
3186,26,3,1,1,1,1,1,1,0,0,0,190
3187,27,3,1,1,1,1,1,1,0,0,0,190
3188,28,3,1,1,1,1,1,1,0,0,0,190
3189,29,3,1,1,1,1,1,1,0,0,0,190
3190,30,3,1,1,1,1,1,1,0,0,0,190
3191,31,3,1,1,1,1,1,1,0,0,0,190
3192,32,3,0,1,1,1,1,0,2,0,0,190
3193,33,3,0,1,1,1,1,0,0,0,0,190
3194,34,3,0,1,1,1,1,0,0,0,0,190
3195,35,8,1,1,1,1,1,1,0,0,0,190
3196,36,3,1,1,1,1,1,1,0,0,0,190
3197,37,3,1,0,1,0,1,1,1,0,0,190
3198,38,3,1,0,1,0,1,1,0,0,0,190
3199,39,3,1,0,1,0,1,1,0,0,0,190
3200,40,5,1,0,1,0,1,1,1,0,1,190
3201,1,3,1,1,1,1,1,1,0,0,0,196
3202,2,3,1,1,1,1,1,1,0,0,0,196
3203,3,3,1,1,1,1,1,1,0,0,0,196
3204,4,3,1,1,1,1,1,1,0,0,0,196
3205,5,3,1,1,1,1,1,1,0,0,0,196
3206,6,3,1,1,1,1,1,1,0,0,0,196
3207,7,3,1,1,1,1,1,1,0,0,0,196
3208,8,3,1,1,1,1,1,1,0,0,0,196
3209,9,3,1,1,1,1,1,1,0,0,0,196
3210,10,3,1,1,1,1,1,1,0,0,0,196
3211,11,3,1,1,1,1,1,1,0,0,0,196
3212,12,3,1,1,1,1,1,1,0,0,0,196
3213,13,3,1,1,1,1,1,1,0,0,0,196
3214,14,3,0,0,0,0,0,0,4,0,0,196
3215,15,6,0,1,0,1,0,0,0,0,0,196
3216,16,3,0,1,0,1,0,0,3,0,0,196
3217,17,7,0,1,1,1,1,0,3,0,0,196
3218,18,5,0,1,0,1,0,0,3,0,1,196
3219,19,5,0,1,0,1,0,0,0,0,1,196
3220,20,3,1,1,1,1,1,1,0,0,0,196
3221,21,3,1,1,1,1,1,1,0,0,0,196
3222,22,3,1,1,0,1,0,1,3,0,0,196
3223,23,7,1,0,1,0,1,1,1,0,0,196
3224,24,6,1,1,0,1,0,1,3,0,0,196
3225,25,7,1,1,1,1,1,1,0,0,0,196
3226,26,3,1,1,1,1,1,1,0,0,0,196
3227,27,3,1,1,1,1,1,1,0,0,0,196
3228,28,3,1,1,1,1,1,1,0,0,0,196
3229,29,3,1,1,1,1,1,1,0,0,0,196
3230,30,3,1,1,1,1,1,1,0,0,0,196
3231,31,3,1,1,1,1,1,1,0,0,0,196
3232,32,8,1,1,1,1,1,1,2,0,0,196
3233,33,3,1,1,1,1,1,1,0,0,0,196
3234,34,3,1,1,1,1,1,1,0,0,0,196
3235,35,3,1,1,1,1,1,1,0,0,0,196
3236,36,3,1,1,1,1,1,1,0,0,0,196
3237,37,3,1,0,1,0,1,1,1,0,0,196
3238,38,3,1,0,1,0,1,1,0,0,0,196
3239,39,6,1,1,1,1,1,1,0,0,0,196
3240,40,3,1,0,1,0,1,1,1,0,0,196
3241,1,3,1,1,1,1,1,1,0,0,0,208
3242,2,3,1,1,1,1,1,1,0,0,0,208
3243,3,3,1,1,1,1,1,1,0,0,0,208
3244,4,3,1,1,1,1,1,1,0,0,0,208
3245,5,3,1,1,1,1,1,1,0,0,0,208
3246,6,3,1,1,1,1,1,1,0,0,0,208
3247,7,3,1,1,1,1,1,1,0,0,0,208
3248,8,3,1,1,1,1,1,1,0,0,0,208
3249,9,3,1,1,1,1,1,1,0,0,0,208
3250,10,3,1,1,1,1,1,1,0,0,0,208
3251,11,3,1,1,1,1,1,1,0,0,0,208
3252,12,3,1,1,1,1,1,1,0,0,0,208
3253,13,3,1,1,1,1,1,1,0,0,0,208
3254,14,3,0,0,0,0,0,0,4,0,0,208
3255,15,3,0,0,0,0,0,0,0,0,0,208
3256,16,3,0,0,0,0,0,0,3,0,0,208
3257,17,5,0,0,0,0,0,0,3,0,1,208
3258,18,5,0,0,0,0,0,0,3,0,1,208
3259,19,5,0,0,0,0,0,0,0,0,1,208
3260,20,5,0,0,0,0,0,0,0,0,1,208
3261,21,5,0,0,0,0,0,0,0,0,1,208
3262,22,5,0,0,0,0,0,0,3,0,1,208
3263,23,6,1,1,1,1,1,1,1,0,0,208
3264,24,3,1,1,0,1,0,1,3,0,0,208
3265,25,3,1,1,0,1,0,1,0,0,0,208
3266,26,7,1,1,1,1,1,1,0,0,0,208
3267,27,3,1,1,1,1,1,1,0,0,0,208
3268,28,3,1,1,1,1,1,1,0,0,0,208
3269,29,3,1,1,1,1,1,1,0,0,0,208
3270,30,3,1,1,1,1,1,1,0,0,0,208
3271,31,3,1,1,1,1,1,1,0,0,0,208
3272,32,3,0,1,1,1,1,0,2,0,0,208
3273,33,3,0,1,1,1,1,0,0,0,0,208
3274,34,8,1,1,1,1,1,1,0,0,0,208
3275,35,3,1,1,1,1,1,1,0,0,0,208
3276,36,3,1,1,1,1,1,1,0,0,0,208
3277,37,3,1,0,1,0,1,1,1,0,0,208
3278,38,3,1,0,1,0,1,1,0,0,0,208
3279,39,3,1,0,1,0,1,1,0,0,0,208
3280,40,3,1,0,1,0,1,1,1,0,0,208
3281,1,3,1,1,1,1,1,1,0,0,0,191
3282,2,3,1,0,1,0,1,1,1,0,0,191
3283,3,3,1,0,1,0,1,1,0,0,0,191
3284,4,3,1,0,1,0,1,1,0,0,0,191
3285,5,5,1,0,1,0,1,1,0,0,1,191
3286,6,5,1,0,0,0,0,1,3,0,1,191
3287,7,3,1,1,0,1,0,1,3,0,0,191
3288,8,3,1,1,0,1,0,1,0,0,0,191
3289,9,3,1,0,0,0,0,1,1,0,0,191
3290,10,7,1,0,1,0,1,1,0,0,0,191
3291,11,6,1,1,1,1,1,1,0,0,0,191
3292,12,3,1,1,1,1,1,1,0,0,0,191
3293,13,3,1,1,1,1,1,1,0,0,0,191
3294,14,3,1,1,1,1,1,1,0,0,0,191
3295,15,3,1,1,1,1,1,1,0,0,0,191
3296,16,3,1,1,1,1,1,1,0,0,0,191
3297,17,3,1,1,1,1,1,1,0,0,0,191
3298,18,3,1,1,1,1,1,1,0,0,0,191
3299,19,3,1,1,1,1,1,1,0,0,0,191
3300,20,3,1,1,1,1,1,1,0,0,0,191
3301,21,3,1,1,1,1,1,1,0,0,0,191
3302,22,3,1,1,1,1,1,1,0,0,0,191
3303,23,3,1,1,0,1,0,1,3,0,0,191
3304,24,7,1,1,1,1,1,1,0,0,0,191
3305,25,3,1,1,1,1,1,1,0,0,0,191
3306,26,3,1,1,1,1,1,1,0,0,0,191
3307,27,3,1,0,1,0,1,1,1,0,0,191
3308,28,3,1,0,1,0,1,1,0,0,0,191
3309,29,3,0,0,0,0,0,0,4,0,0,191
3310,30,5,0,0,0,0,0,0,0,0,1,191
3311,31,5,0,0,0,0,0,0,3,0,1,191
3312,32,3,1,1,1,1,1,1,0,0,0,191
3313,33,3,1,1,1,1,1,1,0,0,0,191
3314,34,3,1,1,1,1,1,1,0,0,0,191
3315,35,3,1,1,1,1,1,1,0,0,0,191
3316,36,3,1,1,1,1,1,1,0,0,0,191
3317,37,3,0,1,1,1,1,0,2,0,0,191
3318,38,3,0,1,1,1,1,0,0,0,0,191
3319,39,8,1,1,1,1,1,1,2,0,0,191
3320,40,5,1,1,1,1,1,1,0,0,1,191
3321,1,3,1,1,1,1,1,1,0,0,0,197
3322,2,3,1,0,1,0,1,1,1,0,0,197
3323,3,3,1,0,1,0,1,1,0,0,0,197
3324,4,3,1,0,1,0,1,1,0,0,0,197
3325,5,5,1,0,1,0,1,1,0,0,1,197
3326,6,5,1,0,0,0,0,1,3,0,1,197
3327,7,7,1,1,1,1,1,1,3,0,0,197
3328,8,3,1,1,1,1,1,1,0,0,0,197
3329,9,6,1,1,1,1,1,1,1,0,0,197
3330,10,3,1,1,1,1,1,1,0,0,0,197
3331,11,3,1,1,1,1,1,1,0,0,0,197
3332,12,3,1,1,1,1,1,1,0,0,0,197
3333,13,3,1,1,1,1,1,1,0,0,0,197
3334,14,3,1,1,1,1,1,1,0,0,0,197
3335,15,3,1,1,1,1,1,1,0,0,0,197
3336,16,3,1,1,1,1,1,1,0,0,0,197
3337,17,3,1,1,1,1,1,1,0,0,0,197
3338,18,3,1,1,1,1,1,1,0,0,0,197
3339,19,3,1,1,1,1,1,1,0,0,0,197
3340,20,3,1,1,1,1,1,1,0,0,0,197
3341,21,3,1,1,1,1,1,1,0,0,0,197
3342,22,3,1,1,1,1,1,1,0,0,0,197
3343,23,3,1,1,0,1,0,1,3,0,0,197
3344,24,3,1,1,0,1,0,1,0,0,0,197
3345,25,7,1,1,1,1,1,1,0,0,0,197
3346,26,3,1,1,1,1,1,1,0,0,0,197
3347,27,3,1,0,1,0,1,1,1,0,0,197
3348,28,6,1,1,1,1,1,1,0,0,0,197
3349,29,3,0,0,0,0,0,0,4,0,0,197
3350,30,5,0,0,0,0,0,0,0,0,1,197
3351,31,5,0,0,0,0,0,0,3,0,1,197
3352,32,3,1,1,1,1,1,1,0,0,0,197
3353,33,3,1,1,1,1,1,1,0,0,0,197
3354,34,3,1,1,1,1,1,1,0,0,0,197
3355,35,3,1,1,1,1,1,1,0,0,0,197
3356,36,3,1,1,1,1,1,1,0,0,0,197
3357,37,3,0,1,1,1,1,0,2,0,0,197
3358,38,3,0,1,1,1,1,0,0,0,0,197
3359,39,8,1,1,1,1,1,1,2,0,0,197
3360,40,5,1,1,1,1,1,1,0,0,1,197
3361,1,3,1,1,1,1,1,1,0,0,0,209
3362,2,3,1,0,1,0,1,1,1,0,0,209
3363,3,6,1,1,1,1,1,1,0,0,0,209
3364,4,3,1,1,1,1,1,1,0,0,0,209
3365,5,5,1,1,1,1,1,1,0,0,1,209
3366,6,5,1,1,0,1,0,1,3,0,1,209
3367,7,7,1,1,1,1,1,1,3,0,0,209
3368,8,3,1,1,1,1,1,1,0,0,0,209
3369,9,3,1,0,1,0,1,1,1,0,0,209
3370,10,6,1,1,1,1,1,1,0,0,0,209
3371,11,3,1,1,1,1,1,1,0,0,0,209
3372,12,3,1,1,1,1,1,1,0,0,0,209
3373,13,3,1,1,1,1,1,1,0,0,0,209
3374,14,3,1,1,1,1,1,1,0,0,0,209
3375,15,3,1,1,1,1,1,1,0,0,0,209
3376,16,3,1,1,1,1,1,1,0,0,0,209
3377,17,3,1,1,1,1,1,1,0,0,0,209
3378,18,3,1,1,1,1,1,1,0,0,0,209
3379,19,3,1,1,1,1,1,1,0,0,0,209
3380,20,3,1,1,1,1,1,1,0,0,0,209
3381,21,3,1,1,1,1,1,1,0,0,0,209
3382,22,3,1,1,1,1,1,1,0,0,0,209
3383,23,3,1,1,0,1,0,1,3,0,0,209
3384,24,7,1,1,1,1,1,1,0,0,0,209
3385,25,3,1,1,1,1,1,1,0,0,0,209
3386,26,3,1,1,1,1,1,1,0,0,0,209
3387,27,3,1,0,1,0,1,1,1,0,0,209
3388,28,6,1,1,1,1,1,1,0,0,0,209
3389,29,6,0,1,0,1,0,0,4,0,0,209
3390,30,5,0,1,0,1,0,0,0,0,1,209
3391,31,5,0,1,0,1,0,0,3,0,1,209
3392,32,3,1,1,1,1,1,1,0,0,0,209
3393,33,3,1,1,1,1,1,1,0,0,0,209
3394,34,3,1,1,1,1,1,1,0,0,0,209
3395,35,3,1,1,1,1,1,1,0,0,0,209
3396,36,3,1,1,1,1,1,1,0,0,0,209
3397,37,3,0,1,1,1,1,0,2,0,0,209
3398,38,3,0,1,1,1,1,0,0,0,0,209
3399,39,3,0,1,1,1,1,0,2,0,0,209
3400,40,5,0,1,1,1,1,0,0,0,1,209
3401,1,3,1,1,1,1,1,1,0,0,0,192
3402,2,3,1,1,1,1,1,1,0,0,0,192
3403,3,3,1,1,1,1,1,1,0,0,0,192
3404,4,3,1,1,1,1,1,1,0,0,0,192
3405,5,3,1,1,1,1,1,1,0,0,0,192
3406,6,3,1,1,1,1,1,1,0,0,0,192
3407,7,3,1,1,1,1,1,1,0,0,0,192
3408,8,3,1,1,1,1,1,1,0,0,0,192
3409,9,3,1,1,1,1,1,1,0,0,0,192
3410,10,3,1,1,1,1,1,1,0,0,0,192
3411,11,3,1,1,1,1,1,1,0,0,0,192
3412,12,3,1,1,1,1,1,1,0,0,0,192
3413,13,3,1,1,0,1,0,1,3,0,0,192
3414,14,3,1,0,0,0,0,1,1,0,0,192
3415,15,7,1,0,1,0,1,1,0,0,0,192
3416,16,6,1,1,1,1,1,1,0,0,0,192
3417,17,3,1,0,1,0,1,1,1,0,0,192
3418,18,6,1,1,1,1,1,1,1,0,0,192
3419,19,3,1,1,1,1,1,1,0,0,0,192
3420,20,3,1,1,1,1,1,1,0,0,0,192
3421,21,3,1,1,1,1,1,1,0,0,0,192
3422,22,3,0,1,1,1,1,0,2,0,0,192
3423,23,3,0,0,1,0,1,0,1,0,0,192
3424,24,8,1,0,1,0,1,1,1,0,0,192
3425,25,3,1,0,1,0,1,1,1,0,0,192
3426,26,6,1,1,1,1,1,1,1,0,0,192
3427,27,3,1,1,0,1,0,1,3,0,0,192
3428,28,3,1,1,0,1,0,1,0,0,0,192
3429,29,3,1,1,0,1,0,1,0,0,0,192
3430,30,3,1,1,0,1,0,1,3,0,0,192
3431,31,5,1,0,0,0,0,1,1,0,1,192
3432,32,5,1,0,0,0,0,1,0,0,1,192
3433,33,3,1,1,1,1,1,1,0,0,0,192
3434,34,3,1,1,1,1,1,1,0,0,0,192
3435,35,3,1,1,1,1,1,1,0,0,0,192
3436,36,3,1,1,1,1,1,1,0,0,0,192
3437,37,3,1,1,1,1,1,1,0,0,0,192
3438,38,3,1,0,1,0,1,1,1,0,0,192
3439,39,3,1,0,0,0,0,1,3,0,0,192
3440,40,3,1,0,0,0,0,1,3,0,0,192
3441,1,3,1,1,1,1,1,1,0,0,0,198
3442,2,3,1,1,1,1,1,1,0,0,0,198
3443,3,3,1,1,1,1,1,1,0,0,0,198
3444,4,3,1,1,1,1,1,1,0,0,0,198
3445,5,3,1,1,1,1,1,1,0,0,0,198
3446,6,3,1,1,1,1,1,1,0,0,0,198
3447,7,3,1,1,1,1,1,1,0,0,0,198
3448,8,3,1,1,1,1,1,1,0,0,0,198
3449,9,3,1,1,1,1,1,1,0,0,0,198
3450,10,3,1,1,1,1,1,1,0,0,0,198
3451,11,3,1,1,1,1,1,1,0,0,0,198
3452,12,3,1,1,1,1,1,1,0,0,0,198
3453,13,7,1,1,1,1,1,1,3,0,0,198
3454,14,6,1,1,1,1,1,1,1,0,0,198
3455,15,3,1,1,1,1,1,1,0,0,0,198
3456,16,3,1,1,1,1,1,1,0,0,0,198
3457,17,3,1,0,1,0,1,1,1,0,0,198
3458,18,6,1,1,1,1,1,1,1,0,0,198
3459,19,3,1,1,1,1,1,1,0,0,0,198
3460,20,3,1,1,1,1,1,1,0,0,0,198
3461,21,3,1,1,1,1,1,1,0,0,0,198
3462,22,8,1,1,1,1,1,1,2,0,0,198
3463,23,6,1,1,1,1,1,1,1,0,0,198
3464,24,3,1,0,1,0,1,1,1,0,0,198
3465,25,3,1,0,1,0,1,1,1,0,0,198
3466,26,6,1,1,1,1,1,1,1,0,0,198
3467,27,3,1,1,0,1,0,1,3,0,0,198
3468,28,7,1,1,1,1,1,1,0,0,0,198
3469,29,3,1,1,1,1,1,1,0,0,0,198
3470,30,3,1,1,0,1,0,1,3,0,0,198
3471,31,5,1,0,0,0,0,1,1,0,1,198
3472,32,5,1,0,0,0,0,1,0,0,1,198
3473,33,3,1,1,1,1,1,1,0,0,0,198
3474,34,3,1,1,1,1,1,1,0,0,0,198
3475,35,3,1,1,1,1,1,1,0,0,0,198
3476,36,3,1,1,1,1,1,1,0,0,0,198
3477,37,3,1,1,1,1,1,1,0,0,0,198
3478,38,3,1,0,1,0,1,1,1,0,0,198
3479,39,6,1,1,0,1,0,1,3,0,0,198
3480,40,7,1,1,1,1,1,1,3,0,0,198
3481,1,3,1,1,1,1,1,1,0,0,0,210
3482,2,3,1,1,1,1,1,1,0,0,0,210
3483,3,3,1,1,1,1,1,1,0,0,0,210
3484,4,3,1,1,1,1,1,1,0,0,0,210
3485,5,3,1,1,1,1,1,1,0,0,0,210
3486,6,3,1,1,1,1,1,1,0,0,0,210
3487,7,3,1,1,1,1,1,1,0,0,0,210
3488,8,3,1,1,1,1,1,1,0,0,0,210
3489,9,3,1,1,1,1,1,1,0,0,0,210
3490,10,3,1,1,1,1,1,1,0,0,0,210
3491,11,3,1,1,1,1,1,1,0,0,0,210
3492,12,3,1,1,1,1,1,1,0,0,0,210
3493,13,7,1,1,1,1,1,1,3,0,0,210
3494,14,6,1,1,1,1,1,1,1,0,0,210
3495,15,3,1,1,1,1,1,1,0,0,0,210
3496,16,3,1,1,1,1,1,1,0,0,0,210
3497,17,3,1,0,1,0,1,1,1,0,0,210
3498,18,6,1,1,1,1,1,1,1,0,0,210
3499,19,3,1,1,1,1,1,1,0,0,0,210
3500,20,3,1,1,1,1,1,1,0,0,0,210
3501,21,3,1,1,1,1,1,1,0,0,0,210
3502,22,8,1,1,1,1,1,1,2,0,0,210
3503,23,3,1,0,1,0,1,1,1,0,0,210
3504,24,6,1,1,1,1,1,1,1,0,0,210
3505,25,6,1,1,1,1,1,1,1,0,0,210
3506,26,3,1,0,1,0,1,1,1,0,0,210
3507,27,7,1,0,1,0,1,1,3,0,0,210
3508,28,6,1,1,1,1,1,1,0,0,0,210
3509,29,3,1,1,1,1,1,1,0,0,0,210
3510,30,3,1,1,0,1,0,1,3,0,0,210
3511,31,5,1,0,0,0,0,1,1,0,1,210
3512,32,5,1,0,0,0,0,1,0,0,1,210
3513,33,3,1,1,1,1,1,1,0,0,0,210
3514,34,3,1,1,1,1,1,1,0,0,0,210
3515,35,3,1,1,1,1,1,1,0,0,0,210
3516,36,3,1,1,1,1,1,1,0,0,0,210
3517,37,3,1,1,1,1,1,1,0,0,0,210
3518,38,3,1,0,1,0,1,1,1,0,0,210
3519,39,3,1,0,0,0,0,1,3,0,0,210
3520,40,3,1,0,0,0,0,1,3,0,0,210
3521,1,3,1,1,1,1,1,1,0,0,0,213
3522,2,6,1,1,1,1,1,1,1,0,0,213
3523,3,3,1,1,1,1,1,1,0,0,0,213
3524,4,3,1,0,1,0,1,1,1,0,0,213
3525,5,6,1,1,1,1,1,1,1,0,0,213
3526,6,3,1,1,0,1,0,1,3,0,0,213
3527,7,3,1,1,0,1,0,1,0,0,0,213
3528,8,7,1,1,1,1,1,1,0,0,0,213
3529,9,3,1,1,1,1,1,1,0,0,0,213
3530,10,3,1,0,1,0,1,1,1,0,0,213
3531,11,3,1,0,1,0,1,1,0,0,0,213
3532,12,3,1,0,1,0,1,1,1,0,0,213
3533,13,3,1,0,1,0,1,1,0,0,0,213
3534,14,6,1,1,1,1,1,1,0,0,0,213
3535,15,3,1,1,1,1,1,1,0,0,0,213
3536,16,3,1,1,1,1,1,1,0,0,0,213
3537,17,3,1,1,1,1,1,1,0,0,0,213
3538,18,3,1,1,1,1,1,1,0,0,0,213
3539,19,7,1,1,1,1,1,1,3,0,0,213
3540,20,3,1,1,1,1,1,1,0,0,0,213
3541,21,3,1,0,1,0,1,1,1,0,0,213
3542,22,3,1,0,1,0,1,1,0,0,0,213
3543,23,6,0,1,0,1,0,0,4,0,0,213
3544,24,7,0,1,1,1,1,0,0,0,0,213
3545,25,6,0,1,1,1,1,0,1,0,0,213
3546,26,8,1,1,1,1,1,1,0,0,0,213
3547,27,3,1,1,1,1,1,1,0,0,0,213
3548,28,3,1,0,1,0,1,1,1,0,0,213
3549,1,3,1,1,1,1,1,1,0,0,0,214
3550,2,3,1,0,1,0,1,1,1,0,0,214
3551,3,3,1,0,1,0,1,1,0,0,0,214
3552,4,6,1,1,1,1,1,1,1,0,0,214
3553,5,6,1,1,1,1,1,1,1,0,0,214
3554,6,7,1,1,1,1,1,1,3,0,0,214
3555,7,3,1,1,1,1,1,1,0,0,0,214
3556,8,3,1,1,1,1,1,1,0,0,0,214
3557,9,3,1,1,1,1,1,1,0,0,0,214
3558,10,6,1,1,1,1,1,1,1,0,0,214
3559,11,3,1,1,1,1,1,1,0,0,0,214
3560,12,3,1,0,1,0,1,1,1,0,0,214
3561,13,3,1,0,1,0,1,1,0,0,0,214
3562,14,3,1,0,1,0,1,1,0,0,0,214
3563,15,5,1,0,1,0,1,1,0,0,1,214
3564,16,5,1,0,1,0,1,1,0,0,1,214
3565,17,3,1,1,1,1,1,1,0,0,0,214
3566,18,3,1,1,1,1,1,1,0,0,0,214
3567,19,3,1,1,0,1,0,1,3,0,0,214
3568,20,3,1,1,0,1,0,1,0,0,0,214
3569,21,3,1,0,0,0,0,1,1,0,0,214
3570,22,3,1,0,0,0,0,1,0,0,0,214
3571,23,6,0,1,0,1,0,0,4,0,0,214
3572,24,8,1,1,0,1,0,1,0,0,0,214
3573,25,5,1,0,0,0,0,1,1,0,1,214
3574,26,5,1,0,0,0,0,1,0,0,1,214
3575,27,3,1,1,1,1,1,1,0,0,0,214
3576,28,3,1,0,1,0,1,1,1,0,0,214
